year;kind;Ano;MÇ¦s;Empresa;Categoria;Origem;EspÇ¸cie;Desdobramento 1;Desdobramento 2;Desdobramento 3;Tipo de receita;Desdobramento interno 1;Desdobramento interno 2;Desdobramento interno 3;Desdobramento interno 4;Indicador de parcelamento;Indicador de deduÇõÇo;Desdobramento interno 5;Previsto;Arrecadado
2023;ENTITY;2023;1;SERVIO FUNERµRIO DO MUNICÖPIO DE SÇO PAULO;1 - RECEITAS CORRENTES;6 - RECEITA DE SERVIOS;9 - OUTROS SERVIOS;9 - OUTROS SERVIOS;99 - OUTROS SERVIOS;0 - OUTROS SERVIOS;1 - Principal;11 - VELàRIO;00 - VELàRIO;000 - VELàRIO;000 - VELàRIO;11 - Integral;01 - Total;000 - Total;2433285.00;1118003.70
2023;ENTITY;2023;1;SERVIO FUNERµRIO DO MUNICÖPIO DE SÇO PAULO;7 - RECEITAS CORRENTES INTRAORAMENTµRIAS;9 - OUTRAS RECEITAS CORRENTES INTRAORAMENTµRIAS;2 - INDENIZAåES RESTITUIåES E RESSARCIMENTOS;2 - RESTITUIåES;99 - OUTRAS RESTITUIåES;0 - OUTRAS RESTITUIåES;1 - Principal;02 - REEMBOLSO DE VALORES RELATIVO A FUNERAL - LEI 8.989/79;05 - VELàRIO;000 - VELàRIO;000 - VELàRIO;11 - Integral;01 - Total;000 - Total;45126.00;.00
2023;ENTITY;2023;1;SERVIO FUNERµRIO DO MUNICÖPIO DE SÇO PAULO;7 - RECEITAS CORRENTES INTRAORAMENTµRIAS;9 - OUTRAS RECEITAS CORRENTES INTRAORAMENTµRIAS;2 - INDENIZAåES RESTITUIåES E RESSARCIMENTOS;2 - RESTITUIåES;99 - OUTRAS RESTITUIåES;0 - OUTRAS RESTITUIåES;1 - Principal;03 - REEMBOLSO DE VALORES RELATIVO A FUNERAL - LEI 11.479/94;05 - VELàRIO;000 - VELàRIO;000 - VELàRIO;11 - Integral;01 - Total;000 - Total;23271.00;.00
2023;ENTITY;2023;2;SERVIO FUNERµRIO DO MUNICÖPIO DE SÇO PAULO;1 - RECEITAS CORRENTES;6 - RECEITA DE SERVIOS;9 - OUTROS SERVIOS;9 - OUTROS SERVIOS;99 - OUTROS SERVIOS;0 - OUTROS SERVIOS;1 - Principal;11 - VELàRIO;00 - VELàRIO;000 - VELàRIO;000 - VELàRIO;11 - Integral;01 - Total;000 - Total;2433285.00;1012811.17
2023;ENTITY;2023;2;SERVIO FUNERµRIO DO MUNICÖPIO DE SÇO PAULO;7 - RECEITAS CORRENTES INTRAORAMENTµRIAS;9 - OUTRAS RECEITAS CORRENTES INTRAORAMENTµRIAS;2 - INDENIZAåES RESTITUIåES E RESSARCIMENTOS;2 - RESTITUIåES;99 - OUTRAS RESTITUIåES;0 - OUTRAS RESTITUIåES;1 - Principal;02 - REEMBOLSO DE VALORES RELATIVO A FUNERAL - LEI 8.989/79;05 - VELàRIO;000 - VELàRIO;000 - VELàRIO;11 - Integral;01 - Total;000 - Total;45126.00;.00
2023;ENTITY;2023;2;SERVIO FUNERµRIO DO MUNICÖPIO DE SÇO PAULO;7 - RECEITAS CORRENTES INTRAORAMENTµRIAS;9 - OUTRAS RECEITAS CORRENTES INTRAORAMENTµRIAS;2 - INDENIZAåES RESTITUIåES E RESSARCIMENTOS;2 - RESTITUIåES;99 - OUTRAS RESTITUIåES;0 - OUTRAS RESTITUIåES;1 - Principal;03 - REEMBOLSO DE VALORES RELATIVO A FUNERAL - LEI 11.479/94;05 - VELàRIO;000 - VELàRIO;000 - VELàRIO;11 - Integral;01 - Total;000 - Total;23271.00;.00
2023;ENTITY;2023;3;SERVIO FUNERµRIO DO MUNICÖPIO DE SÇO PAULO;1 - RECEITAS CORRENTES;6 - RECEITA DE SERVIOS;9 - OUTROS SERVIOS;9 - OUTROS SERVIOS;99 - OUTROS SERVIOS;0 - OUTROS SERVIOS;1 - Principal;11 - VELàRIO;00 - VELàRIO;000 - VELàRIO;000 - VELàRIO;11 - Integral;01 - Total;000 - Total;2433285.00;179996.30
2023;ENTITY;2023;3;SERVIO FUNERµRIO DO MUNICÖPIO DE SÇO PAULO;7 - RECEITAS CORRENTES INTRAORAMENTµRIAS;9 - OUTRAS RECEITAS CORRENTES INTRAORAMENTµRIAS;2 - INDENIZAåES RESTITUIåES E RESSARCIMENTOS;2 - RESTITUIåES;99 - OUTRAS RESTITUIåES;0 - OUTRAS RESTITUIåES;1 - Principal;02 - REEMBOLSO DE VALORES RELATIVO A FUNERAL - LEI 8.989/79;05 - VELàRIO;000 - VELàRIO;000 - VELàRIO;11 - Integral;01 - Total;000 - Total;45126.00;.00
2023;ENTITY;2023;3;SERVIO FUNERµRIO DO MUNICÖPIO DE SÇO PAULO;7 - RECEITAS CORRENTES INTRAORAMENTµRIAS;9 - OUTRAS RECEITAS CORRENTES INTRAORAMENTµRIAS;2 - INDENIZAåES RESTITUIåES E RESSARCIMENTOS;2 - RESTITUIåES;99 - OUTRAS RESTITUIåES;0 - OUTRAS RESTITUIåES;1 - Principal;03 - REEMBOLSO DE VALORES RELATIVO A FUNERAL - LEI 11.479/94;05 - VELàRIO;000 - VELàRIO;000 - VELàRIO;11 - Integral;01 - Total;000 - Total;23271.00;.00
2023;ENTITY;2023;4;SERVIO FUNERµRIO DO MUNICÖPIO DE SÇO PAULO;1 - RECEITAS CORRENTES;6 - RECEITA DE SERVIOS;9 - OUTROS SERVIOS;9 - OUTROS SERVIOS;99 - OUTROS SERVIOS;0 - OUTROS SERVIOS;1 - Principal;11 - VELàRIO;00 - VELàRIO;000 - VELàRIO;000 - VELàRIO;11 - Integral;01 - Total;000 - Total;2433285.00;4467.94
2023;ENTITY;2023;4;SERVIO FUNERµRIO DO MUNICÖPIO DE SÇO PAULO;7 - RECEITAS CORRENTES INTRAORAMENTµRIAS;9 - OUTRAS RECEITAS CORRENTES INTRAORAMENTµRIAS;2 - INDENIZAåES RESTITUIåES E RESSARCIMENTOS;2 - RESTITUIåES;99 - OUTRAS RESTITUIåES;0 - OUTRAS RESTITUIåES;1 - Principal;02 - REEMBOLSO DE VALORES RELATIVO A FUNERAL - LEI 8.989/79;05 - VELàRIO;000 - VELàRIO;000 - VELàRIO;11 - Integral;01 - Total;000 - Total;45126.00;.00
2023;ENTITY;2023;4;SERVIO FUNERµRIO DO MUNICÖPIO DE SÇO PAULO;7 - RECEITAS CORRENTES INTRAORAMENTµRIAS;9 - OUTRAS RECEITAS CORRENTES INTRAORAMENTµRIAS;2 - INDENIZAåES RESTITUIåES E RESSARCIMENTOS;2 - RESTITUIåES;99 - OUTRAS RESTITUIåES;0 - OUTRAS RESTITUIåES;1 - Principal;03 - REEMBOLSO DE VALORES RELATIVO A FUNERAL - LEI 11.479/94;05 - VELàRIO;000 - VELàRIO;000 - VELàRIO;11 - Integral;01 - Total;000 - Total;23271.00;46873.75
2023;ENTITY;2023;5;SERVIO FUNERµRIO DO MUNICÖPIO DE SÇO PAULO;1 - RECEITAS CORRENTES;6 - RECEITA DE SERVIOS;9 - OUTROS SERVIOS;9 - OUTROS SERVIOS;99 - OUTROS SERVIOS;0 - OUTROS SERVIOS;1 - Principal;11 - VELàRIO;00 - VELàRIO;000 - VELàRIO;000 - VELàRIO;11 - Integral;01 - Total;000 - Total;2433285.00;1884.34
2023;ENTITY;2023;5;SERVIO FUNERµRIO DO MUNICÖPIO DE SÇO PAULO;7 - RECEITAS CORRENTES INTRAORAMENTµRIAS;9 - OUTRAS RECEITAS CORRENTES INTRAORAMENTµRIAS;2 - INDENIZAåES RESTITUIåES E RESSARCIMENTOS;2 - RESTITUIåES;99 - OUTRAS RESTITUIåES;0 - OUTRAS RESTITUIåES;1 - Principal;02 - REEMBOLSO DE VALORES RELATIVO A FUNERAL - LEI 8.989/79;05 - VELàRIO;000 - VELàRIO;000 - VELàRIO;11 - Integral;01 - Total;000 - Total;45126.00;.00
2023;ENTITY;2023;5;SERVIO FUNERµRIO DO MUNICÖPIO DE SÇO PAULO;7 - RECEITAS CORRENTES INTRAORAMENTµRIAS;9 - OUTRAS RECEITAS CORRENTES INTRAORAMENTµRIAS;2 - INDENIZAåES RESTITUIåES E RESSARCIMENTOS;2 - RESTITUIåES;99 - OUTRAS RESTITUIåES;0 - OUTRAS RESTITUIåES;1 - Principal;03 - REEMBOLSO DE VALORES RELATIVO A FUNERAL - LEI 11.479/94;05 - VELàRIO;000 - VELàRIO;000 - VELàRIO;11 - Integral;01 - Total;000 - Total;23271.00;.00
2023;ENTITY;2023;6;SERVIO FUNERµRIO DO MUNICÖPIO DE SÇO PAULO;1 - RECEITAS CORRENTES;6 - RECEITA DE SERVIOS;9 - OUTROS SERVIOS;9 - OUTROS SERVIOS;99 - OUTROS SERVIOS;0 - OUTROS SERVIOS;1 - Principal;11 - VELàRIO;00 - VELàRIO;000 - VELàRIO;000 - VELàRIO;11 - Integral;01 - Total;000 - Total;2433285.00;127.57
2023;ENTITY;2023;6;SERVIO FUNERµRIO DO MUNICÖPIO DE SÇO PAULO;7 - RECEITAS CORRENTES INTRAORAMENTµRIAS;9 - OUTRAS RECEITAS CORRENTES INTRAORAMENTµRIAS;2 - INDENIZAåES RESTITUIåES E RESSARCIMENTOS;2 - RESTITUIåES;99 - OUTRAS RESTITUIåES;0 - OUTRAS RESTITUIåES;1 - Principal;02 - REEMBOLSO DE VALORES RELATIVO A FUNERAL - LEI 8.989/79;05 - VELàRIO;000 - VELàRIO;000 - VELàRIO;11 - Integral;01 - Total;000 - Total;45126.00;.00
2023;ENTITY;2023;6;SERVIO FUNERµRIO DO MUNICÖPIO DE SÇO PAULO;7 - RECEITAS CORRENTES INTRAORAMENTµRIAS;9 - OUTRAS RECEITAS CORRENTES INTRAORAMENTµRIAS;2 - INDENIZAåES RESTITUIåES E RESSARCIMENTOS;2 - RESTITUIåES;99 - OUTRAS RESTITUIåES;0 - OUTRAS RESTITUIåES;1 - Principal;03 - REEMBOLSO DE VALORES RELATIVO A FUNERAL - LEI 11.479/94;05 - VELàRIO;000 - VELàRIO;000 - VELàRIO;11 - Integral;01 - Total;000 - Total;23271.00;23269.70
2023;ENTITY;2023;7;SERVIO FUNERµRIO DO MUNICÖPIO DE SÇO PAULO;1 - RECEITAS CORRENTES;6 - RECEITA DE SERVIOS;9 - OUTROS SERVIOS;9 - OUTROS SERVIOS;99 - OUTROS SERVIOS;0 - OUTROS SERVIOS;1 - Principal;11 - VELàRIO;00 - VELàRIO;000 - VELàRIO;000 - VELàRIO;11 - Integral;01 - Total;000 - Total;2433285.00;6398.88
2023;ENTITY;2023;7;SERVIO FUNERµRIO DO MUNICÖPIO DE SÇO PAULO;7 - RECEITAS CORRENTES INTRAORAMENTµRIAS;9 - OUTRAS RECEITAS CORRENTES INTRAORAMENTµRIAS;2 - INDENIZAåES RESTITUIåES E RESSARCIMENTOS;2 - RESTITUIåES;99 - OUTRAS RESTITUIåES;0 - OUTRAS RESTITUIåES;1 - Principal;02 - REEMBOLSO DE VALORES RELATIVO A FUNERAL - LEI 8.989/79;05 - VELàRIO;000 - VELàRIO;000 - VELàRIO;11 - Integral;01 - Total;000 - Total;45126.00;.00
2023;ENTITY;2023;7;SERVIO FUNERµRIO DO MUNICÖPIO DE SÇO PAULO;7 - RECEITAS CORRENTES INTRAORAMENTµRIAS;9 - OUTRAS RECEITAS CORRENTES INTRAORAMENTµRIAS;2 - INDENIZAåES RESTITUIåES E RESSARCIMENTOS;2 - RESTITUIåES;99 - OUTRAS RESTITUIåES;0 - OUTRAS RESTITUIåES;1 - Principal;03 - REEMBOLSO DE VALORES RELATIVO A FUNERAL - LEI 11.479/94;05 - VELàRIO;000 - VELàRIO;000 - VELàRIO;11 - Integral;01 - Total;000 - Total;23271.00;.00
2023;ENTITY;2023;8;SERVIO FUNERµRIO DO MUNICÖPIO DE SÇO PAULO;1 - RECEITAS CORRENTES;6 - RECEITA DE SERVIOS;9 - OUTROS SERVIOS;9 - OUTROS SERVIOS;99 - OUTROS SERVIOS;0 - OUTROS SERVIOS;1 - Principal;11 - VELàRIO;00 - VELàRIO;000 - VELàRIO;000 - VELàRIO;11 - Integral;01 - Total;000 - Total;2433285.00;1876.32
2023;ENTITY;2023;8;SERVIO FUNERµRIO DO MUNICÖPIO DE SÇO PAULO;7 - RECEITAS CORRENTES INTRAORAMENTµRIAS;9 - OUTRAS RECEITAS CORRENTES INTRAORAMENTµRIAS;2 - INDENIZAåES RESTITUIåES E RESSARCIMENTOS;2 - RESTITUIåES;99 - OUTRAS RESTITUIåES;0 - OUTRAS RESTITUIåES;1 - Principal;02 - REEMBOLSO DE VALORES RELATIVO A FUNERAL - LEI 8.989/79;05 - VELàRIO;000 - VELàRIO;000 - VELàRIO;11 - Integral;01 - Total;000 - Total;45126.00;.00
2023;ENTITY;2023;8;SERVIO FUNERµRIO DO MUNICÖPIO DE SÇO PAULO;7 - RECEITAS CORRENTES INTRAORAMENTµRIAS;9 - OUTRAS RECEITAS CORRENTES INTRAORAMENTµRIAS;2 - INDENIZAåES RESTITUIåES E RESSARCIMENTOS;2 - RESTITUIåES;99 - OUTRAS RESTITUIåES;0 - OUTRAS RESTITUIåES;1 - Principal;03 - REEMBOLSO DE VALORES RELATIVO A FUNERAL - LEI 11.479/94;05 - VELàRIO;000 - VELàRIO;000 - VELàRIO;11 - Integral;01 - Total;000 - Total;23271.00;.00
2023;ENTITY;2023;9;SERVIO FUNERµRIO DO MUNICÖPIO DE SÇO PAULO;1 - RECEITAS CORRENTES;6 - RECEITA DE SERVIOS;9 - OUTROS SERVIOS;9 - OUTROS SERVIOS;99 - OUTROS SERVIOS;0 - OUTROS SERVIOS;1 - Principal;11 - VELàRIO;00 - VELàRIO;000 - VELàRIO;000 - VELàRIO;11 - Integral;01 - Total;000 - Total;2433285.00;1474.56
2023;ENTITY;2023;9;SERVIO FUNERµRIO DO MUNICÖPIO DE SÇO PAULO;7 - RECEITAS CORRENTES INTRAORAMENTµRIAS;9 - OUTRAS RECEITAS CORRENTES INTRAORAMENTµRIAS;2 - INDENIZAåES RESTITUIåES E RESSARCIMENTOS;2 - RESTITUIåES;99 - OUTRAS RESTITUIåES;0 - OUTRAS RESTITUIåES;1 - Principal;02 - REEMBOLSO DE VALORES RELATIVO A FUNERAL - LEI 8.989/79;05 - VELàRIO;000 - VELàRIO;000 - VELàRIO;11 - Integral;01 - Total;000 - Total;45126.00;.00
2023;ENTITY;2023;9;SERVIO FUNERµRIO DO MUNICÖPIO DE SÇO PAULO;7 - RECEITAS CORRENTES INTRAORAMENTµRIAS;9 - OUTRAS RECEITAS CORRENTES INTRAORAMENTµRIAS;2 - INDENIZAåES RESTITUIåES E RESSARCIMENTOS;2 - RESTITUIåES;99 - OUTRAS RESTITUIåES;0 - OUTRAS RESTITUIåES;1 - Principal;03 - REEMBOLSO DE VALORES RELATIVO A FUNERAL - LEI 11.479/94;05 - VELàRIO;000 - VELàRIO;000 - VELàRIO;11 - Integral;01 - Total;000 - Total;23271.00;.00
2023;ENTITY;2023;10;SERVIO FUNERµRIO DO MUNICÖPIO DE SÇO PAULO;1 - RECEITAS CORRENTES;6 - RECEITA DE SERVIOS;9 - OUTROS SERVIOS;9 - OUTROS SERVIOS;99 - OUTROS SERVIOS;0 - OUTROS SERVIOS;1 - Principal;11 - VELàRIO;00 - VELàRIO;000 - VELàRIO;000 - VELàRIO;11 - Integral;01 - Total;000 - Total;2433285.00;1483.77
2023;ENTITY;2023;10;SERVIO FUNERµRIO DO MUNICÖPIO DE SÇO PAULO;7 - RECEITAS CORRENTES INTRAORAMENTµRIAS;9 - OUTRAS RECEITAS CORRENTES INTRAORAMENTµRIAS;2 - INDENIZAåES RESTITUIåES E RESSARCIMENTOS;2 - RESTITUIåES;99 - OUTRAS RESTITUIåES;0 - OUTRAS RESTITUIåES;1 - Principal;02 - REEMBOLSO DE VALORES RELATIVO A FUNERAL - LEI 8.989/79;05 - VELàRIO;000 - VELàRIO;000 - VELàRIO;11 - Integral;01 - Total;000 - Total;45126.00;.00
2023;ENTITY;2023;10;SERVIO FUNERµRIO DO MUNICÖPIO DE SÇO PAULO;7 - RECEITAS CORRENTES INTRAORAMENTµRIAS;9 - OUTRAS RECEITAS CORRENTES INTRAORAMENTµRIAS;2 - INDENIZAåES RESTITUIåES E RESSARCIMENTOS;2 - RESTITUIåES;99 - OUTRAS RESTITUIåES;0 - OUTRAS RESTITUIåES;1 - Principal;03 - REEMBOLSO DE VALORES RELATIVO A FUNERAL - LEI 11.479/94;05 - VELàRIO;000 - VELàRIO;000 - VELàRIO;11 - Integral;01 - Total;000 - Total;23271.00;.00
2023;ENTITY;2023;11;SERVIO FUNERµRIO DO MUNICÖPIO DE SÇO PAULO;1 - RECEITAS CORRENTES;6 - RECEITA DE SERVIOS;9 - OUTROS SERVIOS;9 - OUTROS SERVIOS;99 - OUTROS SERVIOS;0 - OUTROS SERVIOS;1 - Principal;11 - VELàRIO;00 - VELàRIO;000 - VELàRIO;000 - VELàRIO;11 - Integral;01 - Total;000 - Total;2433285.00;1896.43
2023;ENTITY;2023;11;SERVIO FUNERµRIO DO MUNICÖPIO DE SÇO PAULO;7 - RECEITAS CORRENTES INTRAORAMENTµRIAS;9 - OUTRAS RECEITAS CORRENTES INTRAORAMENTµRIAS;2 - INDENIZAåES RESTITUIåES E RESSARCIMENTOS;2 - RESTITUIåES;99 - OUTRAS RESTITUIåES;0 - OUTRAS RESTITUIåES;1 - Principal;02 - REEMBOLSO DE VALORES RELATIVO A FUNERAL - LEI 8.989/79;05 - VELàRIO;000 - VELàRIO;000 - VELàRIO;11 - Integral;01 - Total;000 - Total;45126.00;.00
2023;ENTITY;2023;11;SERVIO FUNERµRIO DO MUNICÖPIO DE SÇO PAULO;7 - RECEITAS CORRENTES INTRAORAMENTµRIAS;9 - OUTRAS RECEITAS CORRENTES INTRAORAMENTµRIAS;2 - INDENIZAåES RESTITUIåES E RESSARCIMENTOS;2 - RESTITUIåES;99 - OUTRAS RESTITUIåES;0 - OUTRAS RESTITUIåES;1 - Principal;03 - REEMBOLSO DE VALORES RELATIVO A FUNERAL - LEI 11.479/94;05 - VELàRIO;000 - VELàRIO;000 - VELàRIO;11 - Integral;01 - Total;000 - Total;23271.00;.00
2023;ENTITY;2023;12;SERVIO FUNERµRIO DO MUNICÖPIO DE SÇO PAULO;1 - RECEITAS CORRENTES;6 - RECEITA DE SERVIOS;9 - OUTROS SERVIOS;9 - OUTROS SERVIOS;99 - OUTROS SERVIOS;0 - OUTROS SERVIOS;1 - Principal;11 - VELàRIO;00 - VELàRIO;000 - VELàRIO;000 - VELàRIO;11 - Integral;01 - Total;000 - Total;2433285.00;20792.37
2023;ENTITY;2023;12;SERVIO FUNERµRIO DO MUNICÖPIO DE SÇO PAULO;7 - RECEITAS CORRENTES INTRAORAMENTµRIAS;9 - OUTRAS RECEITAS CORRENTES INTRAORAMENTµRIAS;2 - INDENIZAåES RESTITUIåES E RESSARCIMENTOS;2 - RESTITUIåES;99 - OUTRAS RESTITUIåES;0 - OUTRAS RESTITUIåES;1 - Principal;02 - REEMBOLSO DE VALORES RELATIVO A FUNERAL - LEI 8.989/79;05 - VELàRIO;000 - VELàRIO;000 - VELàRIO;11 - Integral;01 - Total;000 - Total;45126.00;.00
2023;ENTITY;2023;12;SERVIO FUNERµRIO DO MUNICÖPIO DE SÇO PAULO;7 - RECEITAS CORRENTES INTRAORAMENTµRIAS;9 - OUTRAS RECEITAS CORRENTES INTRAORAMENTµRIAS;2 - INDENIZAåES RESTITUIåES E RESSARCIMENTOS;2 - RESTITUIåES;99 - OUTRAS RESTITUIåES;0 - OUTRAS RESTITUIåES;1 - Principal;03 - REEMBOLSO DE VALORES RELATIVO A FUNERAL - LEI 11.479/94;05 - VELàRIO;000 - VELàRIO;000 - VELàRIO;11 - Integral;01 - Total;000 - Total;23271.00;.00
2023;CEM_FUN;2023;1;SERVIO FUNERµRIO DO MUNICÖPIO DE SÇO PAULO;1 - RECEITAS CORRENTES;6 - RECEITA DE SERVIOS;9 - OUTROS SERVIOS;9 - OUTROS SERVIOS;99 - OUTROS SERVIOS;0 - OUTROS SERVIOS;1 - Principal;12 - CREMAÇO;00 - CREMAÇO;000 - CREMAÇO;000 - CREMAÇO;11 - Integral;01 - Total;000 - Total;1447902.00;521782.92
2023;CEM_FUN;2023;2;SERVIO FUNERµRIO DO MUNICÖPIO DE SÇO PAULO;1 - RECEITAS CORRENTES;6 - RECEITA DE SERVIOS;9 - OUTROS SERVIOS;9 - OUTROS SERVIOS;99 - OUTROS SERVIOS;0 - OUTROS SERVIOS;1 - Principal;12 - CREMAÇO;00 - CREMAÇO;000 - CREMAÇO;000 - CREMAÇO;11 - Integral;01 - Total;000 - Total;1447902.00;572737.78
2023;CEM_FUN;2023;3;SERVIO FUNERµRIO DO MUNICÖPIO DE SÇO PAULO;1 - RECEITAS CORRENTES;6 - RECEITA DE SERVIOS;9 - OUTROS SERVIOS;9 - OUTROS SERVIOS;99 - OUTROS SERVIOS;0 - OUTROS SERVIOS;1 - Principal;12 - CREMAÇO;00 - CREMAÇO;000 - CREMAÇO;000 - CREMAÇO;11 - Integral;01 - Total;000 - Total;1447902.00;110774.89
2023;CEM_FUN;2023;4;SERVIO FUNERµRIO DO MUNICÖPIO DE SÇO PAULO;1 - RECEITAS CORRENTES;6 - RECEITA DE SERVIOS;9 - OUTROS SERVIOS;9 - OUTROS SERVIOS;99 - OUTROS SERVIOS;0 - OUTROS SERVIOS;1 - Principal;12 - CREMAÇO;00 - CREMAÇO;000 - CREMAÇO;000 - CREMAÇO;11 - Integral;01 - Total;000 - Total;1447902.00;.00
2023;CEM_FUN;2023;5;SERVIO FUNERµRIO DO MUNICÖPIO DE SÇO PAULO;1 - RECEITAS CORRENTES;6 - RECEITA DE SERVIOS;9 - OUTROS SERVIOS;9 - OUTROS SERVIOS;99 - OUTROS SERVIOS;0 - OUTROS SERVIOS;1 - Principal;12 - CREMAÇO;00 - CREMAÇO;000 - CREMAÇO;000 - CREMAÇO;11 - Integral;01 - Total;000 - Total;1447902.00;.00
2023;CEM_FUN;2023;6;SERVIO FUNERµRIO DO MUNICÖPIO DE SÇO PAULO;1 - RECEITAS CORRENTES;6 - RECEITA DE SERVIOS;9 - OUTROS SERVIOS;9 - OUTROS SERVIOS;99 - OUTROS SERVIOS;0 - OUTROS SERVIOS;1 - Principal;12 - CREMAÇO;00 - CREMAÇO;000 - CREMAÇO;000 - CREMAÇO;11 - Integral;01 - Total;000 - Total;1447902.00;.00
2023;CEM_FUN;2023;7;SERVIO FUNERµRIO DO MUNICÖPIO DE SÇO PAULO;1 - RECEITAS CORRENTES;6 - RECEITA DE SERVIOS;9 - OUTROS SERVIOS;9 - OUTROS SERVIOS;99 - OUTROS SERVIOS;0 - OUTROS SERVIOS;1 - Principal;12 - CREMAÇO;00 - CREMAÇO;000 - CREMAÇO;000 - CREMAÇO;11 - Integral;01 - Total;000 - Total;1447902.00;.00
2023;CEM_FUN;2023;8;SERVIO FUNERµRIO DO MUNICÖPIO DE SÇO PAULO;1 - RECEITAS CORRENTES;6 - RECEITA DE SERVIOS;9 - OUTROS SERVIOS;9 - OUTROS SERVIOS;99 - OUTROS SERVIOS;0 - OUTROS SERVIOS;1 - Principal;12 - CREMAÇO;00 - CREMAÇO;000 - CREMAÇO;000 - CREMAÇO;11 - Integral;01 - Total;000 - Total;1447902.00;.00
2023;CEM_FUN;2023;9;SERVIO FUNERµRIO DO MUNICÖPIO DE SÇO PAULO;1 - RECEITAS CORRENTES;6 - RECEITA DE SERVIOS;9 - OUTROS SERVIOS;9 - OUTROS SERVIOS;99 - OUTROS SERVIOS;0 - OUTROS SERVIOS;1 - Principal;12 - CREMAÇO;00 - CREMAÇO;000 - CREMAÇO;000 - CREMAÇO;11 - Integral;01 - Total;000 - Total;1447902.00;.00
2023;CEM_FUN;2023;10;SERVIO FUNERµRIO DO MUNICÖPIO DE SÇO PAULO;1 - RECEITAS CORRENTES;6 - RECEITA DE SERVIOS;9 - OUTROS SERVIOS;9 - OUTROS SERVIOS;99 - OUTROS SERVIOS;0 - OUTROS SERVIOS;1 - Principal;12 - CREMAÇO;00 - CREMAÇO;000 - CREMAÇO;000 - CREMAÇO;11 - Integral;01 - Total;000 - Total;1447902.00;.00
2023;CEM_FUN;2023;11;SERVIO FUNERµRIO DO MUNICÖPIO DE SÇO PAULO;1 - RECEITAS CORRENTES;6 - RECEITA DE SERVIOS;9 - OUTROS SERVIOS;9 - OUTROS SERVIOS;99 - OUTROS SERVIOS;0 - OUTROS SERVIOS;1 - Principal;12 - CREMAÇO;00 - CREMAÇO;000 - CREMAÇO;000 - CREMAÇO;11 - Integral;01 - Total;000 - Total;1447902.00;.00
2023;CEM_FUN;2023;12;SERVIO FUNERµRIO DO MUNICÖPIO DE SÇO PAULO;1 - RECEITAS CORRENTES;6 - RECEITA DE SERVIOS;9 - OUTROS SERVIOS;9 - OUTROS SERVIOS;99 - OUTROS SERVIOS;0 - OUTROS SERVIOS;1 - Principal;12 - CREMAÇO;00 - CREMAÇO;000 - CREMAÇO;000 - CREMAÇO;11 - Integral;01 - Total;000 - Total;1447902.00;.00
2024;ENTITY;2024;6;AGÒNCIA REG. DE SERV. PéBLICOS DE SÇO PAULO;1 - RECEITAS CORRENTES;9 - OUTRAS RECEITAS CORRENTES;1 - MULTAS ADMINISTRATIVAS CONTRATUAIS E JUDICIAIS;1 - MULTAS ADMINISTRATIVAS CONTRATUAIS E JUDICIAIS;01 - MULTAS PREVISTAS EM LEGISLAÇO ESPECÖFICA;0 - MULTAS PREVISTAS EM LEGISLAÇO ESPECÖFICA;1 - Principal;02 - DEMAIS MULTAS PREVISTAS EM LEGISLAÇO ESPECÖFICA;16 - MULTAS DE POSTURAS MUNICIPAIS - SP REGULA;000 - MULTAS DE POSTURAS MUNICIPAIS - SP REGULA;000 - MULTAS DE POSTURAS MUNICIPAIS - SP REGULA;11 - Integral;01 - Total;000 - Total;.00;1040.65
2024;ENTITY;2024;8;AGÒNCIA REG. DE SERV. PéBLICOS DE SÇO PAULO;1 - RECEITAS CORRENTES;9 - OUTRAS RECEITAS CORRENTES;1 - MULTAS ADMINISTRATIVAS CONTRATUAIS E JUDICIAIS;1 - MULTAS ADMINISTRATIVAS CONTRATUAIS E JUDICIAIS;01 - MULTAS PREVISTAS EM LEGISLAÇO ESPECÖFICA;0 - MULTAS PREVISTAS EM LEGISLAÇO ESPECÖFICA;1 - Principal;02 - DEMAIS MULTAS PREVISTAS EM LEGISLAÇO ESPECÖFICA;16 - MULTAS DE POSTURAS MUNICIPAIS - SP REGULA;000 - MULTAS DE POSTURAS MUNICIPAIS - SP REGULA;000 - MULTAS DE POSTURAS MUNICIPAIS - SP REGULA;11 - Integral;01 - Total;000 - Total;.00;285153.81
2024;ENTITY;2024;9;AGÒNCIA REG. DE SERV. PéBLICOS DE SÇO PAULO;1 - RECEITAS CORRENTES;9 - OUTRAS RECEITAS CORRENTES;1 - MULTAS ADMINISTRATIVAS CONTRATUAIS E JUDICIAIS;1 - MULTAS ADMINISTRATIVAS CONTRATUAIS E JUDICIAIS;01 - MULTAS PREVISTAS EM LEGISLAÇO ESPECÖFICA;0 - MULTAS PREVISTAS EM LEGISLAÇO ESPECÖFICA;1 - Principal;02 - DEMAIS MULTAS PREVISTAS EM LEGISLAÇO ESPECÖFICA;16 - MULTAS DE POSTURAS MUNICIPAIS - SP REGULA;000 - MULTAS DE POSTURAS MUNICIPAIS - SP REGULA;000 - MULTAS DE POSTURAS MUNICIPAIS - SP REGULA;11 - Integral;01 - Total;000 - Total;.00;122861.52
2024;ENTITY;2024;9;AGÒNCIA REG. DE SERV. PéBLICOS DE SÇO PAULO;1 - RECEITAS CORRENTES;9 - OUTRAS RECEITAS CORRENTES;1 - MULTAS ADMINISTRATIVAS CONTRATUAIS E JUDICIAIS;1 - MULTAS ADMINISTRATIVAS CONTRATUAIS E JUDICIAIS;01 - MULTAS PREVISTAS EM LEGISLAÇO ESPECÖFICA;0 - MULTAS PREVISTAS EM LEGISLAÇO ESPECÖFICA;2 - Multa;02 - DEMAIS MULTAS PREVISTAS EM LEGISLAÇO ESPECÖFICA - MULTAS E JUROS;16 - MULTAS DE POSTURAS MUNICIPAIS - SP REGULA - MULTAS E JUROS;000 - MULTAS DE POSTURAS MUNICIPAIS - SP REGULA - MULTAS E JUROS;000 - MULTAS DE POSTURAS MUNICIPAIS - SP REGULA - MULTAS E JUROS;11 - Integral;01 - Total;000 - Total;.00;270.10
2024;ENTITY;2024;10;AGÒNCIA REG. DE SERV. PéBLICOS DE SÇO PAULO;1 - RECEITAS CORRENTES;9 - OUTRAS RECEITAS CORRENTES;1 - MULTAS ADMINISTRATIVAS CONTRATUAIS E JUDICIAIS;1 - MULTAS ADMINISTRATIVAS CONTRATUAIS E JUDICIAIS;01 - MULTAS PREVISTAS EM LEGISLAÇO ESPECÖFICA;0 - MULTAS PREVISTAS EM LEGISLAÇO ESPECÖFICA;1 - Principal;02 - DEMAIS MULTAS PREVISTAS EM LEGISLAÇO ESPECÖFICA;16 - MULTAS DE POSTURAS MUNICIPAIS - SP REGULA;000 - MULTAS DE POSTURAS MUNICIPAIS - SP REGULA;000 - MULTAS DE POSTURAS MUNICIPAIS - SP REGULA;11 - Integral;01 - Total;000 - Total;.00;89869.62
2024;ENTITY;2024;11;AGÒNCIA REG. DE SERV. PéBLICOS DE SÇO PAULO;1 - RECEITAS CORRENTES;9 - OUTRAS RECEITAS CORRENTES;1 - MULTAS ADMINISTRATIVAS CONTRATUAIS E JUDICIAIS;1 - MULTAS ADMINISTRATIVAS CONTRATUAIS E JUDICIAIS;01 - MULTAS PREVISTAS EM LEGISLAÇO ESPECÖFICA;0 - MULTAS PREVISTAS EM LEGISLAÇO ESPECÖFICA;1 - Principal;02 - DEMAIS MULTAS PREVISTAS EM LEGISLAÇO ESPECÖFICA;16 - MULTAS DE POSTURAS MUNICIPAIS - SP REGULA;000 - MULTAS DE POSTURAS MUNICIPAIS - SP REGULA;000 - MULTAS DE POSTURAS MUNICIPAIS - SP REGULA;11 - Integral;01 - Total;000 - Total;.00;96242.90
2024;CEM_FUN;2024;6;AGÒNCIA REG. DE SERV. PéBLICOS DE SÇO PAULO;1 - RECEITAS CORRENTES;9 - OUTRAS RECEITAS CORRENTES;1 - MULTAS ADMINISTRATIVAS CONTRATUAIS E JUDICIAIS;1 - MULTAS ADMINISTRATIVAS CONTRATUAIS E JUDICIAIS;09 - MULTAS E JUROS PREVISTOS EM CONTRATOS;0 - MULTAS E JUROS PREVISTOS EM CONTRATOS;1 - Principal;11 -  MULTAS E JUROS - CONTRATOS DA ADMINISTRAÇO INDIRETA - SP-REGULA - SERVIOS FUNERµRIOS E CEMITERIAIS;00 -  MULTAS E JUROS - CONTRATOS DA ADMINISTRAÇO INDIRETA - SP-REGULA - SERVIOS FUNERµRIOS E CEMITERIAIS;000 -  MULTAS E JUROS - CONTRATOS DA ADMINISTRAÇO INDIRETA - SP-REGULA - SERVIOS FUNERµRIOS E CEMITERIAIS;000 -  MULTAS E JUROS - CONTRATOS DA ADMINISTRAÇO INDIRETA - SP-REGULA - SERVIOS FUNERµRIOS E CEMITERIAIS;11 - Integral;01 - Total;000 - Total;.00;16386.00
2024;CEM_FUN;2024;7;AGÒNCIA REG. DE SERV. PéBLICOS DE SÇO PAULO;1 - RECEITAS CORRENTES;1 - IMPOSTOS TAXAS E CONTRIBUIåES DE MELHORIA;2 - TAXAS;1 - TAXAS PELO EXERCÖCIO DO PODER DE POLÖCIA;01 - TAXAS DE INSPEÇO CONTROLE E FISCALIZAÇO;0 - TAXAS DE INSPEÇO CONTROLE E FISCALIZAÇO;1 - Principal;13 - TAXAS - EMISSÇO DE ALVARµS - SERVIOS FUNERµRIOS E CEMITERIAIS;00 - TAXAS - EMISSÇO DE ALVARµS - SERVIOS FUNERµRIOS E CEMITERIAIS;000 - TAXAS - EMISSÇO DE ALVARµS - SERVIOS FUNERµRIOS E CEMITERIAIS;000 - TAXAS - EMISSÇO DE ALVARµS - SERVIOS FUNERµRIOS E CEMITERIAIS;11 - Integral;01 - Total;000 - Total;.00;1702.40
2024;CEM_FUN;2024;8;AGÒNCIA REG. DE SERV. PéBLICOS DE SÇO PAULO;1 - RECEITAS CORRENTES;1 - IMPOSTOS TAXAS E CONTRIBUIåES DE MELHORIA;2 - TAXAS;1 - TAXAS PELO EXERCÖCIO DO PODER DE POLÖCIA;01 - TAXAS DE INSPEÇO CONTROLE E FISCALIZAÇO;0 - TAXAS DE INSPEÇO CONTROLE E FISCALIZAÇO;1 - Principal;13 - TAXAS - EMISSÇO DE ALVARµS - SERVIOS FUNERµRIOS E CEMITERIAIS;00 - TAXAS - EMISSÇO DE ALVARµS - SERVIOS FUNERµRIOS E CEMITERIAIS;000 - TAXAS - EMISSÇO DE ALVARµS - SERVIOS FUNERµRIOS E CEMITERIAIS;000 - TAXAS - EMISSÇO DE ALVARµS - SERVIOS FUNERµRIOS E CEMITERIAIS;11 - Integral;01 - Total;000 - Total;.00;1036.76
2024;CEM_FUN;2024;9;AGÒNCIA REG. DE SERV. PéBLICOS DE SÇO PAULO;1 - RECEITAS CORRENTES;1 - IMPOSTOS TAXAS E CONTRIBUIåES DE MELHORIA;2 - TAXAS;1 - TAXAS PELO EXERCÖCIO DO PODER DE POLÖCIA;01 - TAXAS DE INSPEÇO CONTROLE E FISCALIZAÇO;0 - TAXAS DE INSPEÇO CONTROLE E FISCALIZAÇO;1 - Principal;13 - TAXAS - EMISSÇO DE ALVARµS - SERVIOS FUNERµRIOS E CEMITERIAIS;00 - TAXAS - EMISSÇO DE ALVARµS - SERVIOS FUNERµRIOS E CEMITERIAIS;000 - TAXAS - EMISSÇO DE ALVARµS - SERVIOS FUNERµRIOS E CEMITERIAIS;000 - TAXAS - EMISSÇO DE ALVARµS - SERVIOS FUNERµRIOS E CEMITERIAIS;11 - Integral;01 - Total;000 - Total;.00;6169.38
2024;CEM_FUN;2024;10;AGÒNCIA REG. DE SERV. PéBLICOS DE SÇO PAULO;1 - RECEITAS CORRENTES;1 - IMPOSTOS TAXAS E CONTRIBUIåES DE MELHORIA;2 - TAXAS;1 - TAXAS PELO EXERCÖCIO DO PODER DE POLÖCIA;01 - TAXAS DE INSPEÇO CONTROLE E FISCALIZAÇO;0 - TAXAS DE INSPEÇO CONTROLE E FISCALIZAÇO;1 - Principal;13 - TAXAS - EMISSÇO DE ALVARµS - SERVIOS FUNERµRIOS E CEMITERIAIS;00 - TAXAS - EMISSÇO DE ALVARµS - SERVIOS FUNERµRIOS E CEMITERIAIS;000 - TAXAS - EMISSÇO DE ALVARµS - SERVIOS FUNERµRIOS E CEMITERIAIS;000 - TAXAS - EMISSÇO DE ALVARµS - SERVIOS FUNERµRIOS E CEMITERIAIS;11 - Integral;01 - Total;000 - Total;.00;6039.83
2024;CEM_FUN;2024;11;AGÒNCIA REG. DE SERV. PéBLICOS DE SÇO PAULO;1 - RECEITAS CORRENTES;1 - IMPOSTOS TAXAS E CONTRIBUIåES DE MELHORIA;2 - TAXAS;1 - TAXAS PELO EXERCÖCIO DO PODER DE POLÖCIA;01 - TAXAS DE INSPEÇO CONTROLE E FISCALIZAÇO;0 - TAXAS DE INSPEÇO CONTROLE E FISCALIZAÇO;1 - Principal;13 - TAXAS - EMISSÇO DE ALVARµS - SERVIOS FUNERµRIOS E CEMITERIAIS;00 - TAXAS - EMISSÇO DE ALVARµS - SERVIOS FUNERµRIOS E CEMITERIAIS;000 - TAXAS - EMISSÇO DE ALVARµS - SERVIOS FUNERµRIOS E CEMITERIAIS;000 - TAXAS - EMISSÇO DE ALVARµS - SERVIOS FUNERµRIOS E CEMITERIAIS;11 - Integral;01 - Total;000 - Total;.00;1036.96
2025;ENTITY;2025;1;AGÒNCIA REG. DE SERV. PéBLICOS DE SÇO PAULO;1 - RECEITAS CORRENTES;9 - OUTRAS RECEITAS CORRENTES;1 - MULTAS ADMINISTRATIVAS CONTRATUAIS E JUDICIAIS;1 - MULTAS ADMINISTRATIVAS CONTRATUAIS E JUDICIAIS;01 - MULTAS PREVISTAS EM LEGISLAÇO ESPECÖFICA;0 - MULTAS PREVISTAS EM LEGISLAÇO ESPECÖFICA;1 - Principal;02 - DEMAIS MULTAS PREVISTAS EM LEGISLAÇO ESPECÖFICA;16 - MULTAS DE POSTURAS MUNICIPAIS - SP REGULA;000 - MULTAS DE POSTURAS MUNICIPAIS - SP REGULA;000 - MULTAS DE POSTURAS MUNICIPAIS - SP REGULA;11 - Integral;01 - Total;000 - Total;966300.00;15985.84
2025;ENTITY;2025;1;AGÒNCIA REG. DE SERV. PéBLICOS DE SÇO PAULO;1 - RECEITAS CORRENTES;9 - OUTRAS RECEITAS CORRENTES;1 - MULTAS ADMINISTRATIVAS CONTRATUAIS E JUDICIAIS;1 - MULTAS ADMINISTRATIVAS CONTRATUAIS E JUDICIAIS;01 - MULTAS PREVISTAS EM LEGISLAÇO ESPECÖFICA;0 - MULTAS PREVISTAS EM LEGISLAÇO ESPECÖFICA;2 - Multa;02 - DEMAIS MULTAS PREVISTAS EM LEGISLAÇO ESPECÖFICA - MULTAS E JUROS;16 - MULTAS DE POSTURAS MUNICIPAIS - SP REGULA - MULTAS E JUROS;000 - MULTAS DE POSTURAS MUNICIPAIS - SP REGULA - MULTAS E JUROS;000 - MULTAS DE POSTURAS MUNICIPAIS - SP REGULA - MULTAS E JUROS;11 - Integral;01 - Total;000 - Total;96000.00;5974.98
2025;ENTITY;2025;2;AGÒNCIA REG. DE SERV. PéBLICOS DE SÇO PAULO;1 - RECEITAS CORRENTES;9 - OUTRAS RECEITAS CORRENTES;1 - MULTAS ADMINISTRATIVAS CONTRATUAIS E JUDICIAIS;1 - MULTAS ADMINISTRATIVAS CONTRATUAIS E JUDICIAIS;01 - MULTAS PREVISTAS EM LEGISLAÇO ESPECÖFICA;0 - MULTAS PREVISTAS EM LEGISLAÇO ESPECÖFICA;1 - Principal;02 - DEMAIS MULTAS PREVISTAS EM LEGISLAÇO ESPECÖFICA;16 - MULTAS DE POSTURAS MUNICIPAIS - SP REGULA;000 - MULTAS DE POSTURAS MUNICIPAIS - SP REGULA;000 - MULTAS DE POSTURAS MUNICIPAIS - SP REGULA;11 - Integral;01 - Total;000 - Total;966300.00;.00
2025;ENTITY;2025;2;AGÒNCIA REG. DE SERV. PéBLICOS DE SÇO PAULO;1 - RECEITAS CORRENTES;9 - OUTRAS RECEITAS CORRENTES;1 - MULTAS ADMINISTRATIVAS CONTRATUAIS E JUDICIAIS;1 - MULTAS ADMINISTRATIVAS CONTRATUAIS E JUDICIAIS;01 - MULTAS PREVISTAS EM LEGISLAÇO ESPECÖFICA;0 - MULTAS PREVISTAS EM LEGISLAÇO ESPECÖFICA;2 - Multa;02 - DEMAIS MULTAS PREVISTAS EM LEGISLAÇO ESPECÖFICA - MULTAS E JUROS;16 - MULTAS DE POSTURAS MUNICIPAIS - SP REGULA - MULTAS E JUROS;000 - MULTAS DE POSTURAS MUNICIPAIS - SP REGULA - MULTAS E JUROS;000 - MULTAS DE POSTURAS MUNICIPAIS - SP REGULA - MULTAS E JUROS;11 - Integral;01 - Total;000 - Total;96000.00;.00
2025;ENTITY;2025;3;AGÒNCIA REG. DE SERV. PéBLICOS DE SÇO PAULO;1 - RECEITAS CORRENTES;9 - OUTRAS RECEITAS CORRENTES;1 - MULTAS ADMINISTRATIVAS CONTRATUAIS E JUDICIAIS;1 - MULTAS ADMINISTRATIVAS CONTRATUAIS E JUDICIAIS;01 - MULTAS PREVISTAS EM LEGISLAÇO ESPECÖFICA;0 - MULTAS PREVISTAS EM LEGISLAÇO ESPECÖFICA;1 - Principal;02 - DEMAIS MULTAS PREVISTAS EM LEGISLAÇO ESPECÖFICA;16 - MULTAS DE POSTURAS MUNICIPAIS - SP REGULA;000 - MULTAS DE POSTURAS MUNICIPAIS - SP REGULA;000 - MULTAS DE POSTURAS MUNICIPAIS - SP REGULA;11 - Integral;01 - Total;000 - Total;966300.00;167092.51
2025;ENTITY;2025;3;AGÒNCIA REG. DE SERV. PéBLICOS DE SÇO PAULO;1 - RECEITAS CORRENTES;9 - OUTRAS RECEITAS CORRENTES;1 - MULTAS ADMINISTRATIVAS CONTRATUAIS E JUDICIAIS;1 - MULTAS ADMINISTRATIVAS CONTRATUAIS E JUDICIAIS;01 - MULTAS PREVISTAS EM LEGISLAÇO ESPECÖFICA;0 - MULTAS PREVISTAS EM LEGISLAÇO ESPECÖFICA;2 - Multa;02 - DEMAIS MULTAS PREVISTAS EM LEGISLAÇO ESPECÖFICA - MULTAS E JUROS;16 - MULTAS DE POSTURAS MUNICIPAIS - SP REGULA - MULTAS E JUROS;000 - MULTAS DE POSTURAS MUNICIPAIS - SP REGULA - MULTAS E JUROS;000 - MULTAS DE POSTURAS MUNICIPAIS - SP REGULA - MULTAS E JUROS;11 - Integral;01 - Total;000 - Total;96000.00;-5800.14
2025;ENTITY;2025;4;AGÒNCIA REG. DE SERV. PéBLICOS DE SÇO PAULO;1 - RECEITAS CORRENTES;9 - OUTRAS RECEITAS CORRENTES;1 - MULTAS ADMINISTRATIVAS CONTRATUAIS E JUDICIAIS;1 - MULTAS ADMINISTRATIVAS CONTRATUAIS E JUDICIAIS;01 - MULTAS PREVISTAS EM LEGISLAÇO ESPECÖFICA;0 - MULTAS PREVISTAS EM LEGISLAÇO ESPECÖFICA;1 - Principal;02 - DEMAIS MULTAS PREVISTAS EM LEGISLAÇO ESPECÖFICA;16 - MULTAS DE POSTURAS MUNICIPAIS - SP REGULA;000 - MULTAS DE POSTURAS MUNICIPAIS - SP REGULA;000 - MULTAS DE POSTURAS MUNICIPAIS - SP REGULA;11 - Integral;01 - Total;000 - Total;966300.00;.00
2025;ENTITY;2025;4;AGÒNCIA REG. DE SERV. PéBLICOS DE SÇO PAULO;1 - RECEITAS CORRENTES;9 - OUTRAS RECEITAS CORRENTES;1 - MULTAS ADMINISTRATIVAS CONTRATUAIS E JUDICIAIS;1 - MULTAS ADMINISTRATIVAS CONTRATUAIS E JUDICIAIS;01 - MULTAS PREVISTAS EM LEGISLAÇO ESPECÖFICA;0 - MULTAS PREVISTAS EM LEGISLAÇO ESPECÖFICA;2 - Multa;02 - DEMAIS MULTAS PREVISTAS EM LEGISLAÇO ESPECÖFICA - MULTAS E JUROS;16 - MULTAS DE POSTURAS MUNICIPAIS - SP REGULA - MULTAS E JUROS;000 - MULTAS DE POSTURAS MUNICIPAIS - SP REGULA - MULTAS E JUROS;000 - MULTAS DE POSTURAS MUNICIPAIS - SP REGULA - MULTAS E JUROS;11 - Integral;01 - Total;000 - Total;96000.00;.00
2025;ENTITY;2025;5;AGÒNCIA REG. DE SERV. PéBLICOS DE SÇO PAULO;1 - RECEITAS CORRENTES;9 - OUTRAS RECEITAS CORRENTES;1 - MULTAS ADMINISTRATIVAS CONTRATUAIS E JUDICIAIS;1 - MULTAS ADMINISTRATIVAS CONTRATUAIS E JUDICIAIS;01 - MULTAS PREVISTAS EM LEGISLAÇO ESPECÖFICA;0 - MULTAS PREVISTAS EM LEGISLAÇO ESPECÖFICA;1 - Principal;02 - DEMAIS MULTAS PREVISTAS EM LEGISLAÇO ESPECÖFICA;16 - MULTAS DE POSTURAS MUNICIPAIS - SP REGULA;000 - MULTAS DE POSTURAS MUNICIPAIS - SP REGULA;000 - MULTAS DE POSTURAS MUNICIPAIS - SP REGULA;11 - Integral;01 - Total;000 - Total;966300.00;260236.48
2025;ENTITY;2025;5;AGÒNCIA REG. DE SERV. PéBLICOS DE SÇO PAULO;1 - RECEITAS CORRENTES;9 - OUTRAS RECEITAS CORRENTES;1 - MULTAS ADMINISTRATIVAS CONTRATUAIS E JUDICIAIS;1 - MULTAS ADMINISTRATIVAS CONTRATUAIS E JUDICIAIS;01 - MULTAS PREVISTAS EM LEGISLAÇO ESPECÖFICA;0 - MULTAS PREVISTAS EM LEGISLAÇO ESPECÖFICA;2 - Multa;02 - DEMAIS MULTAS PREVISTAS EM LEGISLAÇO ESPECÖFICA - MULTAS E JUROS;16 - MULTAS DE POSTURAS MUNICIPAIS - SP REGULA - MULTAS E JUROS;000 - MULTAS DE POSTURAS MUNICIPAIS - SP REGULA - MULTAS E JUROS;000 - MULTAS DE POSTURAS MUNICIPAIS - SP REGULA - MULTAS E JUROS;11 - Integral;01 - Total;000 - Total;96000.00;5284.63
2025;ENTITY;2025;5;AGÒNCIA REG. DE SERV. PéBLICOS DE SÇO PAULO;7 - RECEITAS CORRENTES INTRAORAMENTµRIAS;9 - OUTRAS RECEITAS CORRENTES INTRAORAMENTµRIAS;1 - MULTAS ADMINISTRATIVAS CONTRATUAIS E JUDICIAIS;1 - MULTAS ADMINISTRATIVAS CONTRATUAIS E JUDICIAIS;01 - MULTAS PREVISTAS EM LEGISLAÇO ESPECÖFICA;0 - MULTAS PREVISTAS EM LEGISLAÇO ESPECÖFICA;1 - Principal;01 - MULTAS PREVISTAS EM LEGISLAÇO ESPECÖFICA;02 - MULTAS DE POSTURAS MUNICIPAIS - SP REGULA;000 - MULTAS DE POSTURAS MUNICIPAIS - SP REGULA;000 - MULTAS DE POSTURAS MUNICIPAIS - SP REGULA;11 - Integral;01 - Total;000 - Total;.00;17920.27
2025;ENTITY;2025;6;AGÒNCIA REG. DE SERV. PéBLICOS DE SÇO PAULO;1 - RECEITAS CORRENTES;9 - OUTRAS RECEITAS CORRENTES;1 - MULTAS ADMINISTRATIVAS CONTRATUAIS E JUDICIAIS;1 - MULTAS ADMINISTRATIVAS CONTRATUAIS E JUDICIAIS;01 - MULTAS PREVISTAS EM LEGISLAÇO ESPECÖFICA;0 - MULTAS PREVISTAS EM LEGISLAÇO ESPECÖFICA;1 - Principal;02 - DEMAIS MULTAS PREVISTAS EM LEGISLAÇO ESPECÖFICA;16 - MULTAS DE POSTURAS MUNICIPAIS - SP REGULA;000 - MULTAS DE POSTURAS MUNICIPAIS - SP REGULA;000 - MULTAS DE POSTURAS MUNICIPAIS - SP REGULA;11 - Integral;01 - Total;000 - Total;966300.00;220590.52
2025;ENTITY;2025;6;AGÒNCIA REG. DE SERV. PéBLICOS DE SÇO PAULO;1 - RECEITAS CORRENTES;9 - OUTRAS RECEITAS CORRENTES;1 - MULTAS ADMINISTRATIVAS CONTRATUAIS E JUDICIAIS;1 - MULTAS ADMINISTRATIVAS CONTRATUAIS E JUDICIAIS;01 - MULTAS PREVISTAS EM LEGISLAÇO ESPECÖFICA;0 - MULTAS PREVISTAS EM LEGISLAÇO ESPECÖFICA;2 - Multa;02 - DEMAIS MULTAS PREVISTAS EM LEGISLAÇO ESPECÖFICA - MULTAS E JUROS;16 - MULTAS DE POSTURAS MUNICIPAIS - SP REGULA - MULTAS E JUROS;000 - MULTAS DE POSTURAS MUNICIPAIS - SP REGULA - MULTAS E JUROS;000 - MULTAS DE POSTURAS MUNICIPAIS - SP REGULA - MULTAS E JUROS;11 - Integral;01 - Total;000 - Total;96000.00;325.65
2025;ENTITY;2025;7;AGÒNCIA REG. DE SERV. PéBLICOS DE SÇO PAULO;1 - RECEITAS CORRENTES;9 - OUTRAS RECEITAS CORRENTES;1 - MULTAS ADMINISTRATIVAS CONTRATUAIS E JUDICIAIS;1 - MULTAS ADMINISTRATIVAS CONTRATUAIS E JUDICIAIS;01 - MULTAS PREVISTAS EM LEGISLAÇO ESPECÖFICA;0 - MULTAS PREVISTAS EM LEGISLAÇO ESPECÖFICA;1 - Principal;02 - DEMAIS MULTAS PREVISTAS EM LEGISLAÇO ESPECÖFICA;16 - MULTAS DE POSTURAS MUNICIPAIS - SP REGULA;000 - MULTAS DE POSTURAS MUNICIPAIS - SP REGULA;000 - MULTAS DE POSTURAS MUNICIPAIS - SP REGULA;11 - Integral;01 - Total;000 - Total;966300.00;274872.99
2025;ENTITY;2025;7;AGÒNCIA REG. DE SERV. PéBLICOS DE SÇO PAULO;1 - RECEITAS CORRENTES;9 - OUTRAS RECEITAS CORRENTES;1 - MULTAS ADMINISTRATIVAS CONTRATUAIS E JUDICIAIS;1 - MULTAS ADMINISTRATIVAS CONTRATUAIS E JUDICIAIS;01 - MULTAS PREVISTAS EM LEGISLAÇO ESPECÖFICA;0 - MULTAS PREVISTAS EM LEGISLAÇO ESPECÖFICA;2 - Multa;02 - DEMAIS MULTAS PREVISTAS EM LEGISLAÇO ESPECÖFICA - MULTAS E JUROS;16 - MULTAS DE POSTURAS MUNICIPAIS - SP REGULA - MULTAS E JUROS;000 - MULTAS DE POSTURAS MUNICIPAIS - SP REGULA - MULTAS E JUROS;000 - MULTAS DE POSTURAS MUNICIPAIS - SP REGULA - MULTAS E JUROS;11 - Integral;01 - Total;000 - Total;96000.00;1603.16
2025;ENTITY;2025;8;AGÒNCIA REG. DE SERV. PéBLICOS DE SÇO PAULO;1 - RECEITAS CORRENTES;9 - OUTRAS RECEITAS CORRENTES;1 - MULTAS ADMINISTRATIVAS CONTRATUAIS E JUDICIAIS;1 - MULTAS ADMINISTRATIVAS CONTRATUAIS E JUDICIAIS;01 - MULTAS PREVISTAS EM LEGISLAÇO ESPECÖFICA;0 - MULTAS PREVISTAS EM LEGISLAÇO ESPECÖFICA;1 - Principal;02 - DEMAIS MULTAS PREVISTAS EM LEGISLAÇO ESPECÖFICA;16 - MULTAS DE POSTURAS MUNICIPAIS - SP REGULA;000 - MULTAS DE POSTURAS MUNICIPAIS - SP REGULA;000 - MULTAS DE POSTURAS MUNICIPAIS - SP REGULA;11 - Integral;01 - Total;000 - Total;966300.00;.00
2025;ENTITY;2025;8;AGÒNCIA REG. DE SERV. PéBLICOS DE SÇO PAULO;1 - RECEITAS CORRENTES;9 - OUTRAS RECEITAS CORRENTES;1 - MULTAS ADMINISTRATIVAS CONTRATUAIS E JUDICIAIS;1 - MULTAS ADMINISTRATIVAS CONTRATUAIS E JUDICIAIS;01 - MULTAS PREVISTAS EM LEGISLAÇO ESPECÖFICA;0 - MULTAS PREVISTAS EM LEGISLAÇO ESPECÖFICA;2 - Multa;02 - DEMAIS MULTAS PREVISTAS EM LEGISLAÇO ESPECÖFICA - MULTAS E JUROS;16 - MULTAS DE POSTURAS MUNICIPAIS - SP REGULA - MULTAS E JUROS;000 - MULTAS DE POSTURAS MUNICIPAIS - SP REGULA - MULTAS E JUROS;000 - MULTAS DE POSTURAS MUNICIPAIS - SP REGULA - MULTAS E JUROS;11 - Integral;01 - Total;000 - Total;96000.00;.00
2025;ENTITY;2025;9;AGÒNCIA REG. DE SERV. PéBLICOS DE SÇO PAULO;1 - RECEITAS CORRENTES;9 - OUTRAS RECEITAS CORRENTES;1 - MULTAS ADMINISTRATIVAS CONTRATUAIS E JUDICIAIS;1 - MULTAS ADMINISTRATIVAS CONTRATUAIS E JUDICIAIS;01 - MULTAS PREVISTAS EM LEGISLAÇO ESPECÖFICA;0 - MULTAS PREVISTAS EM LEGISLAÇO ESPECÖFICA;1 - Principal;02 - DEMAIS MULTAS PREVISTAS EM LEGISLAÇO ESPECÖFICA;16 - MULTAS DE POSTURAS MUNICIPAIS - SP REGULA;000 - MULTAS DE POSTURAS MUNICIPAIS - SP REGULA;000 - MULTAS DE POSTURAS MUNICIPAIS - SP REGULA;11 - Integral;01 - Total;000 - Total;966300.00;128607.23
2025;ENTITY;2025;9;AGÒNCIA REG. DE SERV. PéBLICOS DE SÇO PAULO;1 - RECEITAS CORRENTES;9 - OUTRAS RECEITAS CORRENTES;1 - MULTAS ADMINISTRATIVAS CONTRATUAIS E JUDICIAIS;1 - MULTAS ADMINISTRATIVAS CONTRATUAIS E JUDICIAIS;01 - MULTAS PREVISTAS EM LEGISLAÇO ESPECÖFICA;0 - MULTAS PREVISTAS EM LEGISLAÇO ESPECÖFICA;2 - Multa;02 - DEMAIS MULTAS PREVISTAS EM LEGISLAÇO ESPECÖFICA - MULTAS E JUROS;16 - MULTAS DE POSTURAS MUNICIPAIS - SP REGULA - MULTAS E JUROS;000 - MULTAS DE POSTURAS MUNICIPAIS - SP REGULA - MULTAS E JUROS;000 - MULTAS DE POSTURAS MUNICIPAIS - SP REGULA - MULTAS E JUROS;11 - Integral;01 - Total;000 - Total;96000.00;1542.46
2025;ENTITY;2025;10;AGÒNCIA REG. DE SERV. PéBLICOS DE SÇO PAULO;1 - RECEITAS CORRENTES;9 - OUTRAS RECEITAS CORRENTES;1 - MULTAS ADMINISTRATIVAS CONTRATUAIS E JUDICIAIS;1 - MULTAS ADMINISTRATIVAS CONTRATUAIS E JUDICIAIS;01 - MULTAS PREVISTAS EM LEGISLAÇO ESPECÖFICA;0 - MULTAS PREVISTAS EM LEGISLAÇO ESPECÖFICA;1 - Principal;02 - DEMAIS MULTAS PREVISTAS EM LEGISLAÇO ESPECÖFICA;16 - MULTAS DE POSTURAS MUNICIPAIS - SP REGULA;000 - MULTAS DE POSTURAS MUNICIPAIS - SP REGULA;000 - MULTAS DE POSTURAS MUNICIPAIS - SP REGULA;11 - Integral;01 - Total;000 - Total;966300.00;274821.82
2025;ENTITY;2025;10;AGÒNCIA REG. DE SERV. PéBLICOS DE SÇO PAULO;1 - RECEITAS CORRENTES;9 - OUTRAS RECEITAS CORRENTES;1 - MULTAS ADMINISTRATIVAS CONTRATUAIS E JUDICIAIS;1 - MULTAS ADMINISTRATIVAS CONTRATUAIS E JUDICIAIS;01 - MULTAS PREVISTAS EM LEGISLAÇO ESPECÖFICA;0 - MULTAS PREVISTAS EM LEGISLAÇO ESPECÖFICA;2 - Multa;02 - DEMAIS MULTAS PREVISTAS EM LEGISLAÇO ESPECÖFICA - MULTAS E JUROS;16 - MULTAS DE POSTURAS MUNICIPAIS - SP REGULA - MULTAS E JUROS;000 - MULTAS DE POSTURAS MUNICIPAIS - SP REGULA - MULTAS E JUROS;000 - MULTAS DE POSTURAS MUNICIPAIS - SP REGULA - MULTAS E JUROS;11 - Integral;01 - Total;000 - Total;96000.00;2703.76
2025;ENTITY;2025;11;AGÒNCIA REG. DE SERV. PéBLICOS DE SÇO PAULO;1 - RECEITAS CORRENTES;9 - OUTRAS RECEITAS CORRENTES;1 - MULTAS ADMINISTRATIVAS CONTRATUAIS E JUDICIAIS;1 - MULTAS ADMINISTRATIVAS CONTRATUAIS E JUDICIAIS;01 - MULTAS PREVISTAS EM LEGISLAÇO ESPECÖFICA;0 - MULTAS PREVISTAS EM LEGISLAÇO ESPECÖFICA;1 - Principal;02 - DEMAIS MULTAS PREVISTAS EM LEGISLAÇO ESPECÖFICA;16 - MULTAS DE POSTURAS MUNICIPAIS - SP REGULA;000 - MULTAS DE POSTURAS MUNICIPAIS - SP REGULA;000 - MULTAS DE POSTURAS MUNICIPAIS - SP REGULA;11 - Integral;01 - Total;000 - Total;966300.00;.00
2025;ENTITY;2025;11;AGÒNCIA REG. DE SERV. PéBLICOS DE SÇO PAULO;1 - RECEITAS CORRENTES;9 - OUTRAS RECEITAS CORRENTES;1 - MULTAS ADMINISTRATIVAS CONTRATUAIS E JUDICIAIS;1 - MULTAS ADMINISTRATIVAS CONTRATUAIS E JUDICIAIS;01 - MULTAS PREVISTAS EM LEGISLAÇO ESPECÖFICA;0 - MULTAS PREVISTAS EM LEGISLAÇO ESPECÖFICA;2 - Multa;02 - DEMAIS MULTAS PREVISTAS EM LEGISLAÇO ESPECÖFICA - MULTAS E JUROS;16 - MULTAS DE POSTURAS MUNICIPAIS - SP REGULA - MULTAS E JUROS;000 - MULTAS DE POSTURAS MUNICIPAIS - SP REGULA - MULTAS E JUROS;000 - MULTAS DE POSTURAS MUNICIPAIS - SP REGULA - MULTAS E JUROS;11 - Integral;01 - Total;000 - Total;96000.00;.00
2025;ENTITY;2025;12;AGÒNCIA REG. DE SERV. PéBLICOS DE SÇO PAULO;1 - RECEITAS CORRENTES;9 - OUTRAS RECEITAS CORRENTES;1 - MULTAS ADMINISTRATIVAS CONTRATUAIS E JUDICIAIS;1 - MULTAS ADMINISTRATIVAS CONTRATUAIS E JUDICIAIS;01 - MULTAS PREVISTAS EM LEGISLAÇO ESPECÖFICA;0 - MULTAS PREVISTAS EM LEGISLAÇO ESPECÖFICA;1 - Principal;02 - DEMAIS MULTAS PREVISTAS EM LEGISLAÇO ESPECÖFICA;16 - MULTAS DE POSTURAS MUNICIPAIS - SP REGULA;000 - MULTAS DE POSTURAS MUNICIPAIS - SP REGULA;000 - MULTAS DE POSTURAS MUNICIPAIS - SP REGULA;11 - Integral;01 - Total;000 - Total;966300.00;411567.58
2025;ENTITY;2025;12;AGÒNCIA REG. DE SERV. PéBLICOS DE SÇO PAULO;1 - RECEITAS CORRENTES;9 - OUTRAS RECEITAS CORRENTES;1 - MULTAS ADMINISTRATIVAS CONTRATUAIS E JUDICIAIS;1 - MULTAS ADMINISTRATIVAS CONTRATUAIS E JUDICIAIS;01 - MULTAS PREVISTAS EM LEGISLAÇO ESPECÖFICA;0 - MULTAS PREVISTAS EM LEGISLAÇO ESPECÖFICA;1 - Principal;02 - DEMAIS MULTAS PREVISTAS EM LEGISLAÇO ESPECÖFICA;16 - MULTAS DE POSTURAS MUNICIPAIS - SP REGULA;000 - MULTAS DE POSTURAS MUNICIPAIS - SP REGULA;000 - MULTAS DE POSTURAS MUNICIPAIS - SP REGULA;11 - Integral;09 - Dedutora;001 - Deduäes Multas Multas de Posturas Municipais - SP Regula;.00;-2939.62
2025;ENTITY;2025;12;AGÒNCIA REG. DE SERV. PéBLICOS DE SÇO PAULO;1 - RECEITAS CORRENTES;9 - OUTRAS RECEITAS CORRENTES;1 - MULTAS ADMINISTRATIVAS CONTRATUAIS E JUDICIAIS;1 - MULTAS ADMINISTRATIVAS CONTRATUAIS E JUDICIAIS;01 - MULTAS PREVISTAS EM LEGISLAÇO ESPECÖFICA;0 - MULTAS PREVISTAS EM LEGISLAÇO ESPECÖFICA;2 - Multa;02 - DEMAIS MULTAS PREVISTAS EM LEGISLAÇO ESPECÖFICA - MULTAS E JUROS;16 - MULTAS DE POSTURAS MUNICIPAIS - SP REGULA - MULTAS E JUROS;000 - MULTAS DE POSTURAS MUNICIPAIS - SP REGULA - MULTAS E JUROS;000 - MULTAS DE POSTURAS MUNICIPAIS - SP REGULA - MULTAS E JUROS;11 - Integral;01 - Total;000 - Total;96000.00;16516.17
2025;CEM_FUN;2025;1;AGÒNCIA REG. DE SERV. PéBLICOS DE SÇO PAULO;1 - RECEITAS CORRENTES;1 - IMPOSTOS TAXAS E CONTRIBUIåES DE MELHORIA;2 - TAXAS;1 - TAXAS PELO EXERCÖCIO DO PODER DE POLÖCIA;01 - TAXAS DE INSPEÇO CONTROLE E FISCALIZAÇO;0 - TAXAS DE INSPEÇO CONTROLE E FISCALIZAÇO;1 - Principal;13 - TAXAS - EMISSÇO DE ALVARµS - SERVIOS FUNERµRIOS E CEMITERIAIS;00 - TAXAS - EMISSÇO DE ALVARµS - SERVIOS FUNERµRIOS E CEMITERIAIS;000 - TAXAS - EMISSÇO DE ALVARµS - SERVIOS FUNERµRIOS E CEMITERIAIS;000 - TAXAS - EMISSÇO DE ALVARµS - SERVIOS FUNERµRIOS E CEMITERIAIS;11 - Integral;01 - Total;000 - Total;.00;4135.30
2025;CEM_FUN;2025;2;AGÒNCIA REG. DE SERV. PéBLICOS DE SÇO PAULO;1 - RECEITAS CORRENTES;1 - IMPOSTOS TAXAS E CONTRIBUIåES DE MELHORIA;2 - TAXAS;1 - TAXAS PELO EXERCÖCIO DO PODER DE POLÖCIA;01 - TAXAS DE INSPEÇO CONTROLE E FISCALIZAÇO;0 - TAXAS DE INSPEÇO CONTROLE E FISCALIZAÇO;1 - Principal;13 - TAXAS - EMISSÇO DE ALVARµS - SERVIOS FUNERµRIOS E CEMITERIAIS;00 - TAXAS - EMISSÇO DE ALVARµS - SERVIOS FUNERµRIOS E CEMITERIAIS;000 - TAXAS - EMISSÇO DE ALVARµS - SERVIOS FUNERµRIOS E CEMITERIAIS;000 - TAXAS - EMISSÇO DE ALVARµS - SERVIOS FUNERµRIOS E CEMITERIAIS;11 - Integral;01 - Total;000 - Total;.00;.00
2025;CEM_FUN;2025;3;AGÒNCIA REG. DE SERV. PéBLICOS DE SÇO PAULO;1 - RECEITAS CORRENTES;1 - IMPOSTOS TAXAS E CONTRIBUIåES DE MELHORIA;2 - TAXAS;1 - TAXAS PELO EXERCÖCIO DO PODER DE POLÖCIA;01 - TAXAS DE INSPEÇO CONTROLE E FISCALIZAÇO;0 - TAXAS DE INSPEÇO CONTROLE E FISCALIZAÇO;1 - Principal;13 - TAXAS - EMISSÇO DE ALVARµS - SERVIOS FUNERµRIOS E CEMITERIAIS;00 - TAXAS - EMISSÇO DE ALVARµS - SERVIOS FUNERµRIOS E CEMITERIAIS;000 - TAXAS - EMISSÇO DE ALVARµS - SERVIOS FUNERµRIOS E CEMITERIAIS;000 - TAXAS - EMISSÇO DE ALVARµS - SERVIOS FUNERµRIOS E CEMITERIAIS;11 - Integral;01 - Total;000 - Total;.00;.00
2025;CEM_FUN;2025;4;AGÒNCIA REG. DE SERV. PéBLICOS DE SÇO PAULO;1 - RECEITAS CORRENTES;1 - IMPOSTOS TAXAS E CONTRIBUIåES DE MELHORIA;2 - TAXAS;1 - TAXAS PELO EXERCÖCIO DO PODER DE POLÖCIA;01 - TAXAS DE INSPEÇO CONTROLE E FISCALIZAÇO;0 - TAXAS DE INSPEÇO CONTROLE E FISCALIZAÇO;1 - Principal;13 - TAXAS - EMISSÇO DE ALVARµS - SERVIOS FUNERµRIOS E CEMITERIAIS;00 - TAXAS - EMISSÇO DE ALVARµS - SERVIOS FUNERµRIOS E CEMITERIAIS;000 - TAXAS - EMISSÇO DE ALVARµS - SERVIOS FUNERµRIOS E CEMITERIAIS;000 - TAXAS - EMISSÇO DE ALVARµS - SERVIOS FUNERµRIOS E CEMITERIAIS;11 - Integral;01 - Total;000 - Total;.00;2881.16
2025;CEM_FUN;2025;5;AGÒNCIA REG. DE SERV. PéBLICOS DE SÇO PAULO;1 - RECEITAS CORRENTES;1 - IMPOSTOS TAXAS E CONTRIBUIåES DE MELHORIA;2 - TAXAS;1 - TAXAS PELO EXERCÖCIO DO PODER DE POLÖCIA;01 - TAXAS DE INSPEÇO CONTROLE E FISCALIZAÇO;0 - TAXAS DE INSPEÇO CONTROLE E FISCALIZAÇO;1 - Principal;13 - TAXAS - EMISSÇO DE ALVARµS - SERVIOS FUNERµRIOS E CEMITERIAIS;00 - TAXAS - EMISSÇO DE ALVARµS - SERVIOS FUNERµRIOS E CEMITERIAIS;000 - TAXAS - EMISSÇO DE ALVARµS - SERVIOS FUNERµRIOS E CEMITERIAIS;000 - TAXAS - EMISSÇO DE ALVARµS - SERVIOS FUNERµRIOS E CEMITERIAIS;11 - Integral;01 - Total;000 - Total;.00;7149.42
2025;CEM_FUN;2025;6;AGÒNCIA REG. DE SERV. PéBLICOS DE SÇO PAULO;1 - RECEITAS CORRENTES;1 - IMPOSTOS TAXAS E CONTRIBUIåES DE MELHORIA;2 - TAXAS;1 - TAXAS PELO EXERCÖCIO DO PODER DE POLÖCIA;01 - TAXAS DE INSPEÇO CONTROLE E FISCALIZAÇO;0 - TAXAS DE INSPEÇO CONTROLE E FISCALIZAÇO;1 - Principal;13 - TAXAS - EMISSÇO DE ALVARµS - SERVIOS FUNERµRIOS E CEMITERIAIS;00 - TAXAS - EMISSÇO DE ALVARµS - SERVIOS FUNERµRIOS E CEMITERIAIS;000 - TAXAS - EMISSÇO DE ALVARµS - SERVIOS FUNERµRIOS E CEMITERIAIS;000 - TAXAS - EMISSÇO DE ALVARµS - SERVIOS FUNERµRIOS E CEMITERIAIS;11 - Integral;01 - Total;000 - Total;.00;1112.47
2025;CEM_FUN;2025;7;AGÒNCIA REG. DE SERV. PéBLICOS DE SÇO PAULO;1 - RECEITAS CORRENTES;1 - IMPOSTOS TAXAS E CONTRIBUIåES DE MELHORIA;2 - TAXAS;1 - TAXAS PELO EXERCÖCIO DO PODER DE POLÖCIA;01 - TAXAS DE INSPEÇO CONTROLE E FISCALIZAÇO;0 - TAXAS DE INSPEÇO CONTROLE E FISCALIZAÇO;1 - Principal;13 - TAXAS - EMISSÇO DE ALVARµS - SERVIOS FUNERµRIOS E CEMITERIAIS;00 - TAXAS - EMISSÇO DE ALVARµS - SERVIOS FUNERµRIOS E CEMITERIAIS;000 - TAXAS - EMISSÇO DE ALVARµS - SERVIOS FUNERµRIOS E CEMITERIAIS;000 - TAXAS - EMISSÇO DE ALVARµS - SERVIOS FUNERµRIOS E CEMITERIAIS;11 - Integral;01 - Total;000 - Total;.00;.00
2025;CEM_FUN;2025;8;AGÒNCIA REG. DE SERV. PéBLICOS DE SÇO PAULO;1 - RECEITAS CORRENTES;1 - IMPOSTOS TAXAS E CONTRIBUIåES DE MELHORIA;2 - TAXAS;1 - TAXAS PELO EXERCÖCIO DO PODER DE POLÖCIA;01 - TAXAS DE INSPEÇO CONTROLE E FISCALIZAÇO;0 - TAXAS DE INSPEÇO CONTROLE E FISCALIZAÇO;1 - Principal;13 - TAXAS - EMISSÇO DE ALVARµS - SERVIOS FUNERµRIOS E CEMITERIAIS;00 - TAXAS - EMISSÇO DE ALVARµS - SERVIOS FUNERµRIOS E CEMITERIAIS;000 - TAXAS - EMISSÇO DE ALVARµS - SERVIOS FUNERµRIOS E CEMITERIAIS;000 - TAXAS - EMISSÇO DE ALVARµS - SERVIOS FUNERµRIOS E CEMITERIAIS;11 - Integral;01 - Total;000 - Total;.00;.00
2025;CEM_FUN;2025;9;AGÒNCIA REG. DE SERV. PéBLICOS DE SÇO PAULO;1 - RECEITAS CORRENTES;1 - IMPOSTOS TAXAS E CONTRIBUIåES DE MELHORIA;2 - TAXAS;1 - TAXAS PELO EXERCÖCIO DO PODER DE POLÖCIA;01 - TAXAS DE INSPEÇO CONTROLE E FISCALIZAÇO;0 - TAXAS DE INSPEÇO CONTROLE E FISCALIZAÇO;1 - Principal;13 - TAXAS - EMISSÇO DE ALVARµS - SERVIOS FUNERµRIOS E CEMITERIAIS;00 - TAXAS - EMISSÇO DE ALVARµS - SERVIOS FUNERµRIOS E CEMITERIAIS;000 - TAXAS - EMISSÇO DE ALVARµS - SERVIOS FUNERµRIOS E CEMITERIAIS;000 - TAXAS - EMISSÇO DE ALVARµS - SERVIOS FUNERµRIOS E CEMITERIAIS;11 - Integral;01 - Total;000 - Total;.00;8050.24
2025;CEM_FUN;2025;10;AGÒNCIA REG. DE SERV. PéBLICOS DE SÇO PAULO;1 - RECEITAS CORRENTES;1 - IMPOSTOS TAXAS E CONTRIBUIåES DE MELHORIA;2 - TAXAS;1 - TAXAS PELO EXERCÖCIO DO PODER DE POLÖCIA;01 - TAXAS DE INSPEÇO CONTROLE E FISCALIZAÇO;0 - TAXAS DE INSPEÇO CONTROLE E FISCALIZAÇO;1 - Principal;13 - TAXAS - EMISSÇO DE ALVARµS - SERVIOS FUNERµRIOS E CEMITERIAIS;00 - TAXAS - EMISSÇO DE ALVARµS - SERVIOS FUNERµRIOS E CEMITERIAIS;000 - TAXAS - EMISSÇO DE ALVARµS - SERVIOS FUNERµRIOS E CEMITERIAIS;000 - TAXAS - EMISSÇO DE ALVARµS - SERVIOS FUNERµRIOS E CEMITERIAIS;11 - Integral;01 - Total;000 - Total;.00;7188.18
2025;CEM_FUN;2025;10;AGÒNCIA REG. DE SERV. PéBLICOS DE SÇO PAULO;1 - RECEITAS CORRENTES;9 - OUTRAS RECEITAS CORRENTES;1 - MULTAS ADMINISTRATIVAS CONTRATUAIS E JUDICIAIS;1 - MULTAS ADMINISTRATIVAS CONTRATUAIS E JUDICIAIS;09 - MULTAS E JUROS PREVISTOS EM CONTRATOS;0 - MULTAS E JUROS PREVISTOS EM CONTRATOS;1 - Principal;11 - MULTAS - CONTRATOS DA ADMINISTRAÇO INDIRETA - SP-REGULA - SERVIOS FUNERµRIOS E CEMITERIAIS;00 - MULTAS - CONTRATOS DA ADMINISTRAÇO INDIRETA - SP-REGULA - SERVIOS FUNERµRIOS E CEMITERIAIS;000 - MULTAS - CONTRATOS DA ADMINISTRAÇO INDIRETA - SP-REGULA - SERVIOS FUNERµRIOS E CEMITERIAIS;000 - MULTAS - CONTRATOS DA ADMINISTRAÇO INDIRETA - SP-REGULA - SERVIOS FUNERµRIOS E CEMITERIAIS;11 - Integral;01 - Total;000 - Total;99996.00;12318.94
2025;CEM_FUN;2025;11;AGÒNCIA REG. DE SERV. PéBLICOS DE SÇO PAULO;1 - RECEITAS CORRENTES;1 - IMPOSTOS TAXAS E CONTRIBUIåES DE MELHORIA;2 - TAXAS;1 - TAXAS PELO EXERCÖCIO DO PODER DE POLÖCIA;01 - TAXAS DE INSPEÇO CONTROLE E FISCALIZAÇO;0 - TAXAS DE INSPEÇO CONTROLE E FISCALIZAÇO;1 - Principal;13 - TAXAS - EMISSÇO DE ALVARµS - SERVIOS FUNERµRIOS E CEMITERIAIS;00 - TAXAS - EMISSÇO DE ALVARµS - SERVIOS FUNERµRIOS E CEMITERIAIS;000 - TAXAS - EMISSÇO DE ALVARµS - SERVIOS FUNERµRIOS E CEMITERIAIS;000 - TAXAS - EMISSÇO DE ALVARµS - SERVIOS FUNERµRIOS E CEMITERIAIS;11 - Integral;01 - Total;000 - Total;.00;.00
2025;CEM_FUN;2025;11;AGÒNCIA REG. DE SERV. PéBLICOS DE SÇO PAULO;1 - RECEITAS CORRENTES;9 - OUTRAS RECEITAS CORRENTES;1 - MULTAS ADMINISTRATIVAS CONTRATUAIS E JUDICIAIS;1 - MULTAS ADMINISTRATIVAS CONTRATUAIS E JUDICIAIS;09 - MULTAS E JUROS PREVISTOS EM CONTRATOS;0 - MULTAS E JUROS PREVISTOS EM CONTRATOS;1 - Principal;11 - MULTAS - CONTRATOS DA ADMINISTRAÇO INDIRETA - SP-REGULA - SERVIOS FUNERµRIOS E CEMITERIAIS;00 - MULTAS - CONTRATOS DA ADMINISTRAÇO INDIRETA - SP-REGULA - SERVIOS FUNERµRIOS E CEMITERIAIS;000 - MULTAS - CONTRATOS DA ADMINISTRAÇO INDIRETA - SP-REGULA - SERVIOS FUNERµRIOS E CEMITERIAIS;000 - MULTAS - CONTRATOS DA ADMINISTRAÇO INDIRETA - SP-REGULA - SERVIOS FUNERµRIOS E CEMITERIAIS;11 - Integral;01 - Total;000 - Total;99996.00;.00
2025;CEM_FUN;2025;12;AGÒNCIA REG. DE SERV. PéBLICOS DE SÇO PAULO;1 - RECEITAS CORRENTES;1 - IMPOSTOS TAXAS E CONTRIBUIåES DE MELHORIA;2 - TAXAS;1 - TAXAS PELO EXERCÖCIO DO PODER DE POLÖCIA;01 - TAXAS DE INSPEÇO CONTROLE E FISCALIZAÇO;0 - TAXAS DE INSPEÇO CONTROLE E FISCALIZAÇO;1 - Principal;13 - TAXAS - EMISSÇO DE ALVARµS - SERVIOS FUNERµRIOS E CEMITERIAIS;00 - TAXAS - EMISSÇO DE ALVARµS - SERVIOS FUNERµRIOS E CEMITERIAIS;000 - TAXAS - EMISSÇO DE ALVARµS - SERVIOS FUNERµRIOS E CEMITERIAIS;000 - TAXAS - EMISSÇO DE ALVARµS - SERVIOS FUNERµRIOS E CEMITERIAIS;11 - Integral;01 - Total;000 - Total;.00;6617.96
2025;CEM_FUN;2025;12;AGÒNCIA REG. DE SERV. PéBLICOS DE SÇO PAULO;1 - RECEITAS CORRENTES;9 - OUTRAS RECEITAS CORRENTES;1 - MULTAS ADMINISTRATIVAS CONTRATUAIS E JUDICIAIS;1 - MULTAS ADMINISTRATIVAS CONTRATUAIS E JUDICIAIS;09 - MULTAS E JUROS PREVISTOS EM CONTRATOS;0 - MULTAS E JUROS PREVISTOS EM CONTRATOS;1 - Principal;11 - MULTAS - CONTRATOS DA ADMINISTRAÇO INDIRETA - SP-REGULA - SERVIOS FUNERµRIOS E CEMITERIAIS;00 - MULTAS - CONTRATOS DA ADMINISTRAÇO INDIRETA - SP-REGULA - SERVIOS FUNERµRIOS E CEMITERIAIS;000 - MULTAS - CONTRATOS DA ADMINISTRAÇO INDIRETA - SP-REGULA - SERVIOS FUNERµRIOS E CEMITERIAIS;000 - MULTAS - CONTRATOS DA ADMINISTRAÇO INDIRETA - SP-REGULA - SERVIOS FUNERµRIOS E CEMITERIAIS;11 - Integral;01 - Total;000 - Total;99996.00;181079.07
2026;ENTITY;2026;1;AGÒNCIA REG. DE SERV. PéBLICOS DE SÇO PAULO;1 - RECEITAS CORRENTES;9 - OUTRAS RECEITAS CORRENTES;1 - MULTAS ADMINISTRATIVAS CONTRATUAIS E JUDICIAIS;1 - MULTAS ADMINISTRATIVAS CONTRATUAIS E JUDICIAIS;01 - MULTAS PREVISTAS EM LEGISLAÇO ESPECÖFICA;0 - MULTAS PREVISTAS EM LEGISLAÇO ESPECÖFICA;1 - Principal;02 - DEMAIS MULTAS PREVISTAS EM LEGISLAÇO ESPECÖFICA;16 - MULTAS DE POSTURAS MUNICIPAIS - SP REGULA;000 - MULTAS DE POSTURAS MUNICIPAIS - SP REGULA;000 - MULTAS DE POSTURAS MUNICIPAIS - SP REGULA;11 - Integral;01 - Total;000 - Total;4050779.00;.00
2026;ENTITY;2026;2;AGÒNCIA REG. DE SERV. PéBLICOS DE SÇO PAULO;1 - RECEITAS CORRENTES;9 - OUTRAS RECEITAS CORRENTES;1 - MULTAS ADMINISTRATIVAS CONTRATUAIS E JUDICIAIS;1 - MULTAS ADMINISTRATIVAS CONTRATUAIS E JUDICIAIS;01 - MULTAS PREVISTAS EM LEGISLAÇO ESPECÖFICA;0 - MULTAS PREVISTAS EM LEGISLAÇO ESPECÖFICA;1 - Principal;02 - DEMAIS MULTAS PREVISTAS EM LEGISLAÇO ESPECÖFICA;16 - MULTAS DE POSTURAS MUNICIPAIS - SP REGULA;000 - MULTAS DE POSTURAS MUNICIPAIS - SP REGULA;000 - MULTAS DE POSTURAS MUNICIPAIS - SP REGULA;11 - Integral;01 - Total;000 - Total;4050779.00;245363.36
2026;ENTITY;2026;2;AGÒNCIA REG. DE SERV. PéBLICOS DE SÇO PAULO;1 - RECEITAS CORRENTES;9 - OUTRAS RECEITAS CORRENTES;1 - MULTAS ADMINISTRATIVAS CONTRATUAIS E JUDICIAIS;1 - MULTAS ADMINISTRATIVAS CONTRATUAIS E JUDICIAIS;01 - MULTAS PREVISTAS EM LEGISLAÇO ESPECÖFICA;0 - MULTAS PREVISTAS EM LEGISLAÇO ESPECÖFICA;2 - Multa;02 - DEMAIS MULTAS PREVISTAS EM LEGISLAÇO ESPECÖFICA - MULTAS E JUROS;16 - MULTAS DE POSTURAS MUNICIPAIS - SP REGULA - MULTAS E JUROS;000 - MULTAS DE POSTURAS MUNICIPAIS - SP REGULA - MULTAS E JUROS;000 - MULTAS DE POSTURAS MUNICIPAIS - SP REGULA - MULTAS E JUROS;11 - Integral;01 - Total;000 - Total;.00;9172.62
2026;ENTITY;2026;3;AGÒNCIA REG. DE SERV. PéBLICOS DE SÇO PAULO;1 - RECEITAS CORRENTES;9 - OUTRAS RECEITAS CORRENTES;1 - MULTAS ADMINISTRATIVAS CONTRATUAIS E JUDICIAIS;1 - MULTAS ADMINISTRATIVAS CONTRATUAIS E JUDICIAIS;01 - MULTAS PREVISTAS EM LEGISLAÇO ESPECÖFICA;0 - MULTAS PREVISTAS EM LEGISLAÇO ESPECÖFICA;1 - Principal;02 - DEMAIS MULTAS PREVISTAS EM LEGISLAÇO ESPECÖFICA;16 - MULTAS DE POSTURAS MUNICIPAIS - SP REGULA;000 - MULTAS DE POSTURAS MUNICIPAIS - SP REGULA;000 - MULTAS DE POSTURAS MUNICIPAIS - SP REGULA;11 - Integral;01 - Total;000 - Total;4050779.00;.00
2026;ENTITY;2026;4;AGÒNCIA REG. DE SERV. PéBLICOS DE SÇO PAULO;1 - RECEITAS CORRENTES;9 - OUTRAS RECEITAS CORRENTES;1 - MULTAS ADMINISTRATIVAS CONTRATUAIS E JUDICIAIS;1 - MULTAS ADMINISTRATIVAS CONTRATUAIS E JUDICIAIS;01 - MULTAS PREVISTAS EM LEGISLAÇO ESPECÖFICA;0 - MULTAS PREVISTAS EM LEGISLAÇO ESPECÖFICA;1 - Principal;02 - DEMAIS MULTAS PREVISTAS EM LEGISLAÇO ESPECÖFICA;16 - MULTAS DE POSTURAS MUNICIPAIS - SP REGULA;000 - MULTAS DE POSTURAS MUNICIPAIS - SP REGULA;000 - MULTAS DE POSTURAS MUNICIPAIS - SP REGULA;11 - Integral;01 - Total;000 - Total;4050779.00;88487.79
2026;ENTITY;2026;4;AGÒNCIA REG. DE SERV. PéBLICOS DE SÇO PAULO;1 - RECEITAS CORRENTES;9 - OUTRAS RECEITAS CORRENTES;1 - MULTAS ADMINISTRATIVAS CONTRATUAIS E JUDICIAIS;1 - MULTAS ADMINISTRATIVAS CONTRATUAIS E JUDICIAIS;01 - MULTAS PREVISTAS EM LEGISLAÇO ESPECÖFICA;0 - MULTAS PREVISTAS EM LEGISLAÇO ESPECÖFICA;2 - Multa;02 - DEMAIS MULTAS PREVISTAS EM LEGISLAÇO ESPECÖFICA - MULTAS E JUROS;16 - MULTAS DE POSTURAS MUNICIPAIS - SP REGULA - MULTAS E JUROS;000 - MULTAS DE POSTURAS MUNICIPAIS - SP REGULA - MULTAS E JUROS;000 - MULTAS DE POSTURAS MUNICIPAIS - SP REGULA - MULTAS E JUROS;11 - Integral;01 - Total;000 - Total;.00;2047.64
2026;ENTITY;2026;5;AGÒNCIA REG. DE SERV. PéBLICOS DE SÇO PAULO;1 - RECEITAS CORRENTES;9 - OUTRAS RECEITAS CORRENTES;1 - MULTAS ADMINISTRATIVAS CONTRATUAIS E JUDICIAIS;1 - MULTAS ADMINISTRATIVAS CONTRATUAIS E JUDICIAIS;01 - MULTAS PREVISTAS EM LEGISLAÇO ESPECÖFICA;0 - MULTAS PREVISTAS EM LEGISLAÇO ESPECÖFICA;1 - Principal;02 - DEMAIS MULTAS PREVISTAS EM LEGISLAÇO ESPECÖFICA;16 - MULTAS DE POSTURAS MUNICIPAIS - SP REGULA;000 - MULTAS DE POSTURAS MUNICIPAIS - SP REGULA;000 - MULTAS DE POSTURAS MUNICIPAIS - SP REGULA;11 - Integral;01 - Total;000 - Total;4050779.00;328712.23
2026;ENTITY;2026;5;AGÒNCIA REG. DE SERV. PéBLICOS DE SÇO PAULO;1 - RECEITAS CORRENTES;9 - OUTRAS RECEITAS CORRENTES;1 - MULTAS ADMINISTRATIVAS CONTRATUAIS E JUDICIAIS;1 - MULTAS ADMINISTRATIVAS CONTRATUAIS E JUDICIAIS;01 - MULTAS PREVISTAS EM LEGISLAÇO ESPECÖFICA;0 - MULTAS PREVISTAS EM LEGISLAÇO ESPECÖFICA;2 - Multa;02 - DEMAIS MULTAS PREVISTAS EM LEGISLAÇO ESPECÖFICA - MULTAS E JUROS;16 - MULTAS DE POSTURAS MUNICIPAIS - SP REGULA - MULTAS E JUROS;000 - MULTAS DE POSTURAS MUNICIPAIS - SP REGULA - MULTAS E JUROS;000 - MULTAS DE POSTURAS MUNICIPAIS - SP REGULA - MULTAS E JUROS;11 - Integral;01 - Total;000 - Total;.00;442.49
2026;ENTITY;2026;5;AGÒNCIA REG. DE SERV. PéBLICOS DE SÇO PAULO;7 - RECEITAS CORRENTES INTRAORAMENTµRIAS;9 - OUTRAS RECEITAS CORRENTES INTRAORAMENTµRIAS;1 - MULTAS ADMINISTRATIVAS CONTRATUAIS E JUDICIAIS;1 - MULTAS ADMINISTRATIVAS CONTRATUAIS E JUDICIAIS;01 - MULTAS PREVISTAS EM LEGISLAÇO ESPECÖFICA;0 - MULTAS PREVISTAS EM LEGISLAÇO ESPECÖFICA;1 - Principal;01 - MULTAS PREVISTAS EM LEGISLAÇO ESPECÖFICA;02 - MULTAS DE POSTURAS MUNICIPAIS - SP REGULA;000 - MULTAS DE POSTURAS MUNICIPAIS - SP REGULA;000 - MULTAS DE POSTURAS MUNICIPAIS - SP REGULA;11 - Integral;01 - Total;000 - Total;.00;53760.81
2026;ENTITY;2026;6;AGÒNCIA REG. DE SERV. PéBLICOS DE SÇO PAULO;1 - RECEITAS CORRENTES;9 - OUTRAS RECEITAS CORRENTES;1 - MULTAS ADMINISTRATIVAS CONTRATUAIS E JUDICIAIS;1 - MULTAS ADMINISTRATIVAS CONTRATUAIS E JUDICIAIS;01 - MULTAS PREVISTAS EM LEGISLAÇO ESPECÖFICA;0 - MULTAS PREVISTAS EM LEGISLAÇO ESPECÖFICA;1 - Principal;02 - DEMAIS MULTAS PREVISTAS EM LEGISLAÇO ESPECÖFICA;16 - MULTAS DE POSTURAS MUNICIPAIS - SP REGULA;000 - MULTAS DE POSTURAS MUNICIPAIS - SP REGULA;000 - MULTAS DE POSTURAS MUNICIPAIS - SP REGULA;11 - Integral;01 - Total;000 - Total;4050779.00;.00
2026;CEM_FUN;2026;2;AGÒNCIA REG. DE SERV. PéBLICOS DE SÇO PAULO;1 - RECEITAS CORRENTES;1 - IMPOSTOS TAXAS E CONTRIBUIåES DE MELHORIA;2 - TAXAS;1 - TAXAS PELO EXERCÖCIO DO PODER DE POLÖCIA;01 - TAXAS DE INSPEÇO CONTROLE E FISCALIZAÇO;0 - TAXAS DE INSPEÇO CONTROLE E FISCALIZAÇO;1 - Principal;13 - TAXAS - EMISSÇO DE ALVARµS - SERVIOS FUNERµRIOS E CEMITERIAIS;00 - TAXAS - EMISSÇO DE ALVARµS - SERVIOS FUNERµRIOS E CEMITERIAIS;000 - TAXAS - EMISSÇO DE ALVARµS - SERVIOS FUNERµRIOS E CEMITERIAIS;000 - TAXAS - EMISSÇO DE ALVARµS - SERVIOS FUNERµRIOS E CEMITERIAIS;11 - Integral;01 - Total;000 - Total;.00;14709.16
2026;CEM_FUN;2026;2;AGÒNCIA REG. DE SERV. PéBLICOS DE SÇO PAULO;1 - RECEITAS CORRENTES;9 - OUTRAS RECEITAS CORRENTES;1 - MULTAS ADMINISTRATIVAS CONTRATUAIS E JUDICIAIS;1 - MULTAS ADMINISTRATIVAS CONTRATUAIS E JUDICIAIS;09 - MULTAS E JUROS PREVISTOS EM CONTRATOS;0 - MULTAS E JUROS PREVISTOS EM CONTRATOS;1 - Principal;11 - MULTAS - CONTRATOS DA ADMINISTRAÇO INDIRETA - SP-REGULA - SERVIOS FUNERµRIOS E CEMITERIAIS;00 - MULTAS - CONTRATOS DA ADMINISTRAÇO INDIRETA - SP-REGULA - SERVIOS FUNERµRIOS E CEMITERIAIS;000 - MULTAS - CONTRATOS DA ADMINISTRAÇO INDIRETA - SP-REGULA - SERVIOS FUNERµRIOS E CEMITERIAIS;000 - MULTAS - CONTRATOS DA ADMINISTRAÇO INDIRETA - SP-REGULA - SERVIOS FUNERµRIOS E CEMITERIAIS;11 - Integral;01 - Total;000 - Total;.00;117432.33
2026;CEM_FUN;2026;4;AGÒNCIA REG. DE SERV. PéBLICOS DE SÇO PAULO;1 - RECEITAS CORRENTES;1 - IMPOSTOS TAXAS E CONTRIBUIåES DE MELHORIA;2 - TAXAS;1 - TAXAS PELO EXERCÖCIO DO PODER DE POLÖCIA;01 - TAXAS DE INSPEÇO CONTROLE E FISCALIZAÇO;0 - TAXAS DE INSPEÇO CONTROLE E FISCALIZAÇO;1 - Principal;13 - TAXAS - EMISSÇO DE ALVARµS - SERVIOS FUNERµRIOS E CEMITERIAIS;00 - TAXAS - EMISSÇO DE ALVARµS - SERVIOS FUNERµRIOS E CEMITERIAIS;000 - TAXAS - EMISSÇO DE ALVARµS - SERVIOS FUNERµRIOS E CEMITERIAIS;000 - TAXAS - EMISSÇO DE ALVARµS - SERVIOS FUNERµRIOS E CEMITERIAIS;11 - Integral;01 - Total;000 - Total;.00;2188.61
2026;CEM_FUN;2026;4;AGÒNCIA REG. DE SERV. PéBLICOS DE SÇO PAULO;1 - RECEITAS CORRENTES;9 - OUTRAS RECEITAS CORRENTES;1 - MULTAS ADMINISTRATIVAS CONTRATUAIS E JUDICIAIS;1 - MULTAS ADMINISTRATIVAS CONTRATUAIS E JUDICIAIS;09 - MULTAS E JUROS PREVISTOS EM CONTRATOS;0 - MULTAS E JUROS PREVISTOS EM CONTRATOS;1 - Principal;11 - MULTAS - CONTRATOS DA ADMINISTRAÇO INDIRETA - SP-REGULA - SERVIOS FUNERµRIOS E CEMITERIAIS;00 - MULTAS - CONTRATOS DA ADMINISTRAÇO INDIRETA - SP-REGULA - SERVIOS FUNERµRIOS E CEMITERIAIS;000 - MULTAS - CONTRATOS DA ADMINISTRAÇO INDIRETA - SP-REGULA - SERVIOS FUNERµRIOS E CEMITERIAIS;000 - MULTAS - CONTRATOS DA ADMINISTRAÇO INDIRETA - SP-REGULA - SERVIOS FUNERµRIOS E CEMITERIAIS;11 - Integral;01 - Total;000 - Total;.00;2241.64
2026;CEM_FUN;2026;5;AGÒNCIA REG. DE SERV. PéBLICOS DE SÇO PAULO;1 - RECEITAS CORRENTES;1 - IMPOSTOS TAXAS E CONTRIBUIåES DE MELHORIA;2 - TAXAS;1 - TAXAS PELO EXERCÖCIO DO PODER DE POLÖCIA;01 - TAXAS DE INSPEÇO CONTROLE E FISCALIZAÇO;0 - TAXAS DE INSPEÇO CONTROLE E FISCALIZAÇO;1 - Principal;13 - TAXAS - EMISSÇO DE ALVARµS - SERVIOS FUNERµRIOS E CEMITERIAIS;00 - TAXAS - EMISSÇO DE ALVARµS - SERVIOS FUNERµRIOS E CEMITERIAIS;000 - TAXAS - EMISSÇO DE ALVARµS - SERVIOS FUNERµRIOS E CEMITERIAIS;000 - TAXAS - EMISSÇO DE ALVARµS - SERVIOS FUNERµRIOS E CEMITERIAIS;11 - Integral;01 - Total;000 - Total;.00;2212.08
